x-axis,1
second,Volt
+15.38000E-06,-9.64321569E-03
+15.39000E-06,+407.03546E-06
+15.40000E-06,+407.03546E-06
+15.41000E-06,+407.03546E-06
+15.42000E-06,+407.03546E-06
+15.43000E-06,+10.45728661E-03
+15.44000E-06,-9.64321569E-03
+15.45000E-06,-9.64321569E-03
+15.46000E-06,-9.64321569E-03
+15.47000E-06,+407.03546E-06
+15.48000E-06,+407.03546E-06
+15.49000E-06,+10.45728661E-03
+15.50000E-06,-9.64321569E-03
+15.51000E-06,-9.64321569E-03
+15.52000E-06,+407.03546E-06
+15.53000E-06,-9.64321569E-03
+15.54000E-06,+10.45728661E-03
+15.55000E-06,-9.64321569E-03
+15.56000E-06,+10.45728661E-03
+15.57000E-06,-9.64321569E-03
+15.58000E-06,+10.45728661E-03
+15.59000E-06,+10.45728661E-03
+15.60000E-06,+30.55778891E-03
+15.61000E-06,+10.45728661E-03
+15.62000E-06,+10.45728661E-03
+15.63000E-06,+407.03546E-06
+15.64000E-06,+407.03546E-06
+15.65000E-06,+407.03546E-06
+15.66000E-06,+407.03546E-06
+15.67000E-06,+20.50753776E-03
+15.68000E-06,+407.03546E-06
+15.69000E-06,+407.03546E-06
+15.70000E-06,-19.69346684E-03
+15.71000E-06,+10.45728661E-03
+15.72000E-06,+10.45728661E-03
+15.73000E-06,+10.45728661E-03
+15.74000E-06,+10.45728661E-03
+15.75000E-06,+10.45728661E-03
+15.76000E-06,+20.50753776E-03
+15.77000E-06,-9.64321569E-03
+15.78000E-06,+10.45728661E-03
+15.79000E-06,-9.64321569E-03
+15.80000E-06,-9.64321569E-03
+15.81000E-06,+20.50753776E-03
+15.82000E-06,+407.03547E-06
+15.83000E-06,+407.03546E-06
+15.84000E-06,-9.64321569E-03
+15.85000E-06,+407.03547E-06
+15.86000E-06,+407.03547E-06
+15.87000E-06,+20.50753776E-03
+15.88000E-06,+407.03546E-06
+15.89000E-06,+407.03547E-06
+15.90000E-06,+10.45728661E-03
+15.91000E-06,-9.64321569E-03
+15.92000E-06,+10.45728661E-03
+15.93000E-06,+407.03547E-06
+15.94000E-06,+407.03547E-06
+15.95000E-06,-19.69346683E-03
+15.96000E-06,-9.64321569E-03
+15.97000E-06,+407.03547E-06
+15.98000E-06,-9.64321569E-03
+15.99000E-06,-9.64321569E-03
+16.00000E-06,+10.45728661E-03
+16.01000E-06,+407.03547E-06
+16.02000E-06,+407.03547E-06
+16.03000E-06,-9.64321569E-03
+16.04000E-06,-9.64321569E-03
+16.05000E-06,-9.64321569E-03
+16.06000E-06,+20.50753775E-03
+16.07000E-06,+10.45728661E-03
+16.08000E-06,-9.64321569E-03
+16.09000E-06,-9.64321569E-03
+16.10000E-06,-9.64321569E-03
+16.11000E-06,-9.64321569E-03
+16.12000E-06,+10.45728661E-03
+16.13000E-06,+20.50753777E-03
+16.14000E-06,+407.03546E-06
+16.15000E-06,+10.45728661E-03
+16.16000E-06,+10.45728661E-03
+16.17000E-06,+10.45728662E-03
+16.18000E-06,-19.69346684E-03
+16.19000E-06,+407.03548E-06
+16.20000E-06,+10.45728661E-03
+16.21000E-06,+407.03546E-06
+16.22000E-06,+20.50753775E-03
+16.23000E-06,-9.64321569E-03
+16.24000E-06,+407.03546E-06
+16.25000E-06,+407.03547E-06
+16.26000E-06,-9.64321569E-03
+16.27000E-06,-9.64321569E-03
+16.28000E-06,-9.64321569E-03
+16.29000E-06,+10.45728661E-03
+16.30000E-06,+10.45728661E-03
+16.31000E-06,-9.64321569E-03
+16.32000E-06,+20.50753775E-03
+16.33000E-06,+407.03547E-06
+16.34000E-06,-19.69346683E-03
+16.35000E-06,-9.64321569E-03
+16.36000E-06,+20.50753775E-03
+16.37000E-06,+407.03545E-06
+16.38000E-06,+407.03545E-06
+16.39000E-06,+10.45728661E-03
+16.40000E-06,-9.64321569E-03
+16.41000E-06,+10.45728663E-03
+16.42000E-06,-9.64321569E-03
+16.43000E-06,+407.03545E-06
+16.44000E-06,+407.03547E-06
+16.45000E-06,+10.45728661E-03
+16.46000E-06,+407.03545E-06
+16.47000E-06,+407.03545E-06
+16.48000E-06,-9.64321569E-03
+16.49000E-06,+407.03547E-06
+16.50000E-06,+10.45728661E-03
+16.51000E-06,+407.03547E-06
+16.52000E-06,+10.45728661E-03
+16.53000E-06,+10.45728661E-03
+16.54000E-06,+10.45728659E-03
+16.55000E-06,+407.03545E-06
+16.56000E-06,+10.45728661E-03
+16.57000E-06,+407.03547E-06
+16.58000E-06,+10.45728661E-03
+16.59000E-06,-9.64321569E-03
+16.60000E-06,-9.64321569E-03
+16.61000E-06,+407.03545E-06
+16.62000E-06,-9.64321569E-03
+16.63000E-06,-9.64321569E-03
+16.64000E-06,+407.03547E-06
+16.65000E-06,-9.64321569E-03
+16.66000E-06,+407.03545E-06
+16.67000E-06,+407.03547E-06
+16.68000E-06,+407.03547E-06
+16.69000E-06,-9.64321569E-03
+16.70000E-06,-9.64321569E-03
+16.71000E-06,+10.45728661E-03
+16.72000E-06,+407.03545E-06
+16.73000E-06,+407.03547E-06
+16.74000E-06,+407.03547E-06
+16.75000E-06,-9.64321569E-03
+16.76000E-06,+407.03545E-06
+16.77000E-06,+10.45728661E-03
+16.78000E-06,-9.64321569E-03
+16.79000E-06,+407.03547E-06
+16.80000E-06,+407.03547E-06
+16.81000E-06,+407.03547E-06
+16.82000E-06,+407.03547E-06
+16.83000E-06,+407.03545E-06
+16.84000E-06,+407.03545E-06
+16.85000E-06,+407.03545E-06
+16.86000E-06,+407.03545E-06
+16.87000E-06,+407.03545E-06
+16.88000E-06,+10.45728661E-03
+16.89000E-06,+407.03547E-06
+16.90000E-06,+10.45728661E-03
+16.91000E-06,+407.03545E-06
+16.92000E-06,+10.45728661E-03
+16.93000E-06,+30.55778891E-03
+16.94000E-06,+10.45728661E-03
+16.95000E-06,+407.03545E-06
+16.96000E-06,+10.45728661E-03
+16.97000E-06,+407.03548E-06
+16.98000E-06,+10.45728661E-03
+16.99000E-06,-19.69346685E-03
+17.00000E-06,-9.64321569E-03
+17.01000E-06,+10.45728661E-03
+17.02000E-06,+407.03548E-06
+17.03000E-06,+407.03548E-06
+17.04000E-06,+407.03545E-06
+17.05000E-06,+407.03548E-06
+17.06000E-06,-9.64321569E-03
+17.07000E-06,-9.64321569E-03
+17.08000E-06,-9.64321569E-03
+17.09000E-06,+407.03548E-06
+17.10000E-06,-9.64321569E-03
+17.11000E-06,+10.45728664E-03
+17.12000E-06,+30.55778891E-03
+17.13000E-06,+10.45728661E-03
+17.14000E-06,-9.64321569E-03
+17.15000E-06,+407.03545E-06
+17.16000E-06,+407.03548E-06
+17.17000E-06,+407.03545E-06
+17.18000E-06,+20.50753775E-03
+17.19000E-06,-19.69346682E-03
+17.20000E-06,-9.64321569E-03
+17.21000E-06,+407.03548E-06
+17.22000E-06,-9.64321569E-03
+17.23000E-06,+407.03548E-06
+17.24000E-06,+407.03548E-06
+17.25000E-06,+10.45728658E-03
+17.26000E-06,+10.45728661E-03
+17.27000E-06,+407.03545E-06
+17.28000E-06,+407.03545E-06
+17.29000E-06,+10.45728661E-03
+17.30000E-06,-9.64321569E-03
+17.31000E-06,+10.45728661E-03
+17.32000E-06,+10.45728661E-03
+17.33000E-06,+407.03545E-06
+17.34000E-06,+20.50753774E-03
+17.35000E-06,+10.45728661E-03
+17.36000E-06,+20.50753778E-03
+17.37000E-06,+20.50753778E-03
+17.38000E-06,+20.50753774E-03
+17.39000E-06,+30.55778891E-03
+17.40000E-06,+60.70854237E-03
+17.41000E-06,+100.90954693E-03
+17.42000E-06,+141.11055156E-03
+17.43000E-06,+211.46230958E-03
+17.44000E-06,+271.76381648E-03
+17.45000E-06,+342.11557450E-03
+17.46000E-06,+452.66833715E-03
+17.47000E-06,+533.07034634E-03
+17.48000E-06,+653.67336016E-03
+17.49000E-06,+744.12562048E-03
+17.50000E-06,+874.77888539E-03
+17.51000E-06,+985.33164805E-03
+17.52000E-06,+1.10593466180E+00
+17.53000E-06,+1.25668842904E+00
+17.54000E-06,+1.35719094053E+00
+17.55000E-06,+1.49789445661E+00
+17.56000E-06,+1.59839696810E+00
+17.57000E-06,+1.71899998188E+00
+17.58000E-06,+1.81950249337E+00
+17.59000E-06,+1.92000500485E+00
+17.60000E-06,+2.04060801860E+00
+17.61000E-06,+2.11095977669E+00
+17.62000E-06,+2.19136178588E+00
+17.63000E-06,+2.28181404620E+00
+17.64000E-06,+2.33206530193E+00
+17.65000E-06,+2.39236680886E+00
+17.66000E-06,+2.41246731115E+00
+17.67000E-06,+2.47276881805E+00
+17.68000E-06,+2.48281906914E+00
+17.69000E-06,+2.49286932031E+00
+17.70000E-06,+2.49286932034E+00
+17.71000E-06,+2.49286932031E+00
+17.72000E-06,+2.50291957147E+00
+17.73000E-06,+2.49286932034E+00
+17.74000E-06,+2.49286932034E+00
+17.75000E-06,+2.53307032494E+00
+17.76000E-06,+2.52302007377E+00
+17.77000E-06,+2.51296982260E+00
+17.78000E-06,+2.55317082720E+00
+17.79000E-06,+2.55317082724E+00
+17.80000E-06,+2.57327132953E+00
+17.81000E-06,+2.57327132950E+00
+17.82000E-06,+2.58332158066E+00
+17.83000E-06,+2.60342208296E+00
+17.84000E-06,+2.58332158066E+00
+17.85000E-06,+2.59337183183E+00
+17.86000E-06,+2.60342208296E+00
+17.87000E-06,+2.61347233413E+00
+17.88000E-06,+2.60342208296E+00
+17.89000E-06,+2.58332158070E+00
+17.90000E-06,+2.59337183179E+00
+17.91000E-06,+2.60342208300E+00
+17.92000E-06,+2.58332158066E+00
+17.93000E-06,+2.58332158066E+00
+17.94000E-06,+2.57327132949E+00
+17.95000E-06,+2.55317082720E+00
+17.96000E-06,+2.56322107837E+00
+17.97000E-06,+2.53307032490E+00
+17.98000E-06,+2.51296982264E+00
+17.99000E-06,+2.48281906918E+00
+18.00000E-06,+2.47276881801E+00
+18.01000E-06,+2.44261806458E+00
+18.02000E-06,+2.43256781345E+00
+18.03000E-06,+2.42251756229E+00
+18.04000E-06,+2.42251756229E+00
+18.05000E-06,+2.42251756229E+00
+18.06000E-06,+2.44261806458E+00
+18.07000E-06,+2.46271856688E+00
+18.08000E-06,+2.48281906918E+00
+18.09000E-06,+2.47276881805E+00
+18.10000E-06,+2.49286932035E+00
+18.11000E-06,+2.49286932035E+00
+18.12000E-06,+2.49286932035E+00
+18.13000E-06,+2.50291957147E+00
+18.14000E-06,+2.49286932030E+00
+18.15000E-06,+2.48281906918E+00
+18.16000E-06,+2.49286932035E+00
+18.17000E-06,+2.50291957143E+00
+18.18000E-06,+2.52302007377E+00
+18.19000E-06,+2.51296982265E+00
+18.20000E-06,+2.53307032490E+00
+18.21000E-06,+2.53307032494E+00
+18.22000E-06,+2.54312057607E+00
+18.23000E-06,+2.55317082724E+00
+18.24000E-06,+2.56322107837E+00
+18.25000E-06,+2.58332158071E+00
+18.26000E-06,+2.57327132954E+00
+18.27000E-06,+2.58332158066E+00
+18.28000E-06,+2.57327132949E+00
+18.29000E-06,+2.56322107837E+00
+18.30000E-06,+2.56322107837E+00
+18.31000E-06,+2.52302007372E+00
+18.32000E-06,+2.50291957147E+00
+18.33000E-06,+2.47276881805E+00
+18.34000E-06,+2.44261806458E+00
+18.35000E-06,+2.41246731111E+00
+18.36000E-06,+2.37226630657E+00
+18.37000E-06,+2.34211555310E+00
+18.38000E-06,+2.31196479967E+00
+18.39000E-06,+2.28181404620E+00
+18.40000E-06,+2.25166329278E+00
+18.41000E-06,+2.26171354391E+00
+18.42000E-06,+2.24161304156E+00
+18.43000E-06,+2.25166329278E+00
+18.44000E-06,+2.25166329273E+00
+18.45000E-06,+2.26171354391E+00
+18.46000E-06,+2.28181404620E+00
+18.47000E-06,+2.28181404620E+00
+18.48000E-06,+2.29186429738E+00
+18.49000E-06,+2.32201505080E+00
+18.50000E-06,+2.31196479967E+00
+18.51000E-06,+2.33206530197E+00
+18.52000E-06,+2.35216580427E+00
+18.53000E-06,+2.36221605539E+00
+18.54000E-06,+2.36221605539E+00
+18.55000E-06,+2.36221605539E+00
+18.56000E-06,+2.35216580422E+00
+18.57000E-06,+2.34211555310E+00
+18.58000E-06,+2.32201505085E+00
+18.59000E-06,+2.28181404626E+00
+18.60000E-06,+2.26171354391E+00
+18.61000E-06,+2.22151253931E+00
+18.62000E-06,+2.16121103242E+00
+18.63000E-06,+2.15116078130E+00
+18.64000E-06,+2.11095977665E+00
+18.65000E-06,+2.07075877206E+00
+18.66000E-06,+2.03055776751E+00
+18.67000E-06,+1.98030651174E+00
+18.68000E-06,+1.98030651169E+00
+18.69000E-06,+1.95015575833E+00
+18.70000E-06,+1.90995475368E+00
+18.71000E-06,+1.89990450256E+00
+18.72000E-06,+1.84965324684E+00
+18.73000E-06,+1.81950249337E+00
+18.74000E-06,+1.78935173995E+00
+18.75000E-06,+1.74915073535E+00
+18.76000E-06,+1.72905023306E+00
+18.77000E-06,+1.65869847499E+00
+18.78000E-06,+1.63859797269E+00
+18.79000E-06,+1.60844721922E+00
+18.80000E-06,+1.55819596350E+00
+18.81000E-06,+1.50794470773E+00
+18.82000E-06,+1.46774370319E+00
+18.83000E-06,+1.41749244742E+00
+18.84000E-06,+1.35719094053E+00
+18.85000E-06,+1.29688943364E+00
+18.86000E-06,+1.21648742445E+00
+18.87000E-06,+1.19638692215E+00
+18.88000E-06,+1.12603516408E+00
+18.89000E-06,+1.05568340607E+00
+18.90000E-06,+985.33164800E-03
+18.91000E-06,+914.97988999E-03
+18.92000E-06,+854.67838310E-03
+18.93000E-06,+784.32662503E-03
+18.94000E-06,+734.07536931E-03
+18.95000E-06,+683.82411360E-03
+18.96000E-06,+603.42210435E-03
+18.97000E-06,+563.22109976E-03
+18.98000E-06,+523.02009516E-03
+18.99000E-06,+492.86934175E-03
+19.00000E-06,+462.71858833E-03
+19.01000E-06,+452.66833715E-03
+19.02000E-06,+422.51758373E-03
+19.03000E-06,+412.46733256E-03
+19.04000E-06,+412.46733256E-03
+19.05000E-06,+392.36683026E-03
+19.06000E-06,+392.36683026E-03
+19.07000E-06,+382.31657914E-03
+19.08000E-06,+392.36683026E-03
+19.09000E-06,+402.41708144E-03
+19.10000E-06,+382.31657914E-03
+19.11000E-06,+382.31657908E-03
+19.12000E-06,+362.21607678E-03
+19.13000E-06,+362.21607684E-03
+19.14000E-06,+342.11557449E-03
+19.15000E-06,+342.11557449E-03
+19.16000E-06,+311.96482107E-03
+19.17000E-06,+301.91456995E-03
+19.18000E-06,+291.86431871E-03
+19.19000E-06,+241.61306300E-03
+19.20000E-06,+241.61306300E-03
+19.21000E-06,+221.51256070E-03
+19.22000E-06,+211.46230952E-03
+19.23000E-06,+191.36180729E-03
+19.24000E-06,+171.26130499E-03
+19.25000E-06,+161.21105381E-03
+19.26000E-06,+171.26130499E-03
+19.27000E-06,+141.11055151E-03
+19.28000E-06,+121.01004928E-03
+19.29000E-06,+110.95979810E-03
+19.30000E-06,+121.01004921E-03
+19.31000E-06,+80.80904468E-03
+19.32000E-06,+100.90954692E-03
+19.33000E-06,+100.90954698E-03
+19.34000E-06,+90.85929580E-03
+19.35000E-06,+90.85929580E-03
+19.36000E-06,+100.90954698E-03
+19.37000E-06,+100.90954698E-03
+19.38000E-06,+80.80904462E-03
+19.39000E-06,+90.85929580E-03
+19.40000E-06,+100.90954692E-03
+19.41000E-06,+100.90954698E-03
+19.42000E-06,+110.95979803E-03
+19.43000E-06,+90.85929580E-03
+19.44000E-06,+121.01004928E-03
+19.45000E-06,+131.06030039E-03
+19.46000E-06,+121.01004921E-03
+19.47000E-06,+100.90954692E-03
+19.48000E-06,+131.06030039E-03
+19.49000E-06,+131.06030039E-03
+19.50000E-06,+100.90954692E-03
+19.51000E-06,+100.90954698E-03
+19.52000E-06,+80.80904462E-03
+19.53000E-06,+90.85929580E-03
+19.54000E-06,+80.80904468E-03
+19.55000E-06,+90.85929580E-03
+19.56000E-06,+90.85929587E-03
+19.57000E-06,+70.75879350E-03
+19.58000E-06,+70.75879350E-03
+19.59000E-06,+60.70854232E-03
+19.60000E-06,+60.70854239E-03
+19.61000E-06,+80.80904469E-03
+19.62000E-06,+60.70854232E-03
+19.63000E-06,+40.60804002E-03
+19.64000E-06,+50.65829121E-03
+19.65000E-06,+50.65829121E-03
+19.66000E-06,+60.70854232E-03
+19.67000E-06,+50.65829121E-03
+19.68000E-06,+50.65829121E-03
+19.69000E-06,+30.55778891E-03
+19.70000E-06,+50.65829121E-03
+19.71000E-06,+40.60804016E-03
+19.72000E-06,+30.55778891E-03
+19.73000E-06,+30.55778891E-03
+19.74000E-06,+20.50753772E-03
+19.75000E-06,+30.55778891E-03
+19.76000E-06,+20.50753779E-03
+19.77000E-06,+30.55778891E-03
+19.78000E-06,+10.45728661E-03
+19.79000E-06,+407.03543E-06
+19.80000E-06,+10.45728654E-03
+19.81000E-06,+407.03550E-06
+19.82000E-06,+10.45728661E-03
+19.83000E-06,+10.45728661E-03
+19.84000E-06,+407.03550E-06
+19.85000E-06,+407.03550E-06
+19.86000E-06,+20.50753780E-03
+19.87000E-06,+10.45728661E-03
+19.88000E-06,+407.03543E-06
+19.89000E-06,+10.45728661E-03
+19.90000E-06,+10.45728661E-03
+19.91000E-06,+407.03543E-06
+19.92000E-06,+10.45728661E-03
+19.93000E-06,+407.03550E-06
+19.94000E-06,+10.45728661E-03
+19.95000E-06,+10.45728661E-03
+19.96000E-06,+10.45728654E-03
+19.97000E-06,+20.50753772E-03
+19.98000E-06,+20.50753772E-03
+19.99000E-06,+20.50753772E-03
+20.00000E-06,+20.50753780E-03
+20.01000E-06,+30.55778891E-03
+20.02000E-06,+20.50753780E-03
+20.03000E-06,+30.55778891E-03
+20.04000E-06,+30.55778891E-03
+20.05000E-06,+10.45728661E-03
+20.06000E-06,+20.50753772E-03
+20.07000E-06,+20.50753780E-03
+20.08000E-06,+30.55778891E-03
+20.09000E-06,+20.50753780E-03
+20.10000E-06,+30.55778891E-03
+20.11000E-06,+10.45728661E-03
+20.12000E-06,+30.55778891E-03
+20.13000E-06,+20.50753780E-03
+20.14000E-06,+407.03542E-06
+20.15000E-06,+10.45728661E-03
+20.16000E-06,+10.45728661E-03
+20.17000E-06,+10.45728661E-03
+20.18000E-06,+10.45728661E-03
+20.19000E-06,+10.45728661E-03
+20.20000E-06,+10.45728661E-03
+20.21000E-06,+10.45728661E-03
+20.22000E-06,+20.50753780E-03
+20.23000E-06,+20.50753772E-03
+20.24000E-06,+10.45728661E-03
+20.25000E-06,+20.50753772E-03
+20.26000E-06,+20.50753772E-03
+20.27000E-06,-9.64321569E-03
+20.28000E-06,+20.50753772E-03
+20.29000E-06,+407.03550E-06
+20.30000E-06,+407.03550E-06
+20.31000E-06,+10.45728661E-03
+20.32000E-06,+10.45728661E-03
+20.33000E-06,+10.45728661E-03
+20.34000E-06,+20.50753780E-03
+20.35000E-06,+20.50753780E-03
+20.36000E-06,+30.55778883E-03
+20.37000E-06,+40.60804002E-03
+20.38000E-06,+20.50753772E-03
+20.39000E-06,+30.55778891E-03
+20.40000E-06,+20.50753772E-03
+20.41000E-06,+30.55778891E-03
+20.42000E-06,+30.55778891E-03
+20.43000E-06,+40.60804002E-03
+20.44000E-06,+30.55778891E-03
+20.45000E-06,+40.60804010E-03
+20.46000E-06,+50.65829121E-03
+20.47000E-06,+40.60804002E-03
+20.48000E-06,+50.65829121E-03
+20.49000E-06,+40.60804002E-03
+20.50000E-06,+50.65829129E-03
+20.51000E-06,+50.65829121E-03
+20.52000E-06,+20.50753780E-03
+20.53000E-06,+40.60804010E-03
+20.54000E-06,+30.55778891E-03
+20.55000E-06,+50.65829121E-03
+20.56000E-06,+30.55778891E-03
+20.57000E-06,+50.65829121E-03
+20.58000E-06,+40.60804002E-03
+20.59000E-06,+40.60804010E-03
+20.60000E-06,+30.55778891E-03
+20.61000E-06,+30.55778891E-03
+20.62000E-06,+40.60804010E-03
+20.63000E-06,+30.55778891E-03
+20.64000E-06,+30.55778899E-03
+20.65000E-06,+30.55778882E-03
+20.66000E-06,+30.55778891E-03
+20.67000E-06,+20.50753780E-03
+20.68000E-06,+20.50753780E-03
+20.69000E-06,+20.50753772E-03
+20.70000E-06,+30.55778891E-03
+20.71000E-06,+10.45728661E-03
+20.72000E-06,+30.55778891E-03
+20.73000E-06,+30.55778891E-03
+20.74000E-06,+30.55778891E-03
+20.75000E-06,+10.45728661E-03
+20.76000E-06,+30.55778891E-03
+20.77000E-06,+30.55778891E-03
+20.78000E-06,+20.50753780E-03
+20.79000E-06,+30.55778891E-03
+20.80000E-06,+40.60804001E-03
+20.81000E-06,+40.60804001E-03
+20.82000E-06,+30.55778891E-03
+20.83000E-06,+40.60804010E-03
+20.84000E-06,+50.65829121E-03
+20.85000E-06,+50.65829121E-03
+20.86000E-06,+50.65829121E-03
+20.87000E-06,+60.70854240E-03
+20.88000E-06,+90.85929580E-03
+20.89000E-06,+60.70854240E-03
+20.90000E-06,+80.80904461E-03
+20.91000E-06,+80.80904470E-03
+20.92000E-06,+70.75879350E-03
+20.93000E-06,+80.80904461E-03
+20.94000E-06,+80.80904470E-03
+20.95000E-06,+80.80904470E-03
+20.96000E-06,+80.80904461E-03
+20.97000E-06,+80.80904461E-03
+20.98000E-06,+70.75879350E-03
+20.99000E-06,+70.75879350E-03
+21.00000E-06,+70.75879350E-03
+21.01000E-06,+80.80904461E-03
+21.02000E-06,+60.70854231E-03
+21.03000E-06,+60.70854231E-03
+21.04000E-06,+80.80904470E-03
+21.05000E-06,+80.80904470E-03
+21.06000E-06,+70.75879350E-03
+21.07000E-06,+70.75879350E-03
+21.08000E-06,+80.80904461E-03
+21.09000E-06,+80.80904461E-03
+21.10000E-06,+70.75879350E-03
+21.11000E-06,+60.70854231E-03
+21.12000E-06,+70.75879350E-03
+21.13000E-06,+70.75879350E-03
+21.14000E-06,+70.75879350E-03
+21.15000E-06,+70.75879350E-03
+21.16000E-06,+70.75879350E-03
+21.17000E-06,+50.65829121E-03
+21.18000E-06,+40.60804010E-03
+21.19000E-06,+50.65829121E-03
+21.20000E-06,+40.60804001E-03
+21.21000E-06,+40.60804001E-03
+21.22000E-06,+40.60804001E-03
+21.23000E-06,+20.50753781E-03
+21.24000E-06,+30.55778891E-03
+21.25000E-06,+20.50753781E-03
+21.26000E-06,+30.55778891E-03
+21.27000E-06,+20.50753771E-03
+21.28000E-06,+30.55778891E-03
+21.29000E-06,+30.55778881E-03
+21.30000E-06,+20.50753771E-03
+21.31000E-06,+40.60804010E-03
+21.32000E-06,+20.50753781E-03
+21.33000E-06,+40.60804010E-03
+21.34000E-06,+30.55778881E-03
+21.35000E-06,+40.60804001E-03
+21.36000E-06,+30.55778891E-03
+21.37000E-06,+30.55778891E-03
+21.38000E-06,+20.50753781E-03
+21.39000E-06,+10.45728661E-03
+21.40000E-06,+10.45728661E-03
+21.41000E-06,+30.55778891E-03
+21.42000E-06,+10.45728661E-03
+21.43000E-06,+10.45728661E-03
+21.44000E-06,+10.45728661E-03
+21.45000E-06,+10.45728661E-03
+21.46000E-06,-9.64321569E-03
+21.47000E-06,+10.45728661E-03
+21.48000E-06,+407.03541E-06
+21.49000E-06,+407.03541E-06
+21.50000E-06,+10.45728651E-03
+21.51000E-06,+20.50753781E-03
+21.52000E-06,+30.55778891E-03
+21.53000E-06,+10.45728651E-03
+21.54000E-06,+30.55778891E-03
+21.55000E-06,+20.50753781E-03
+21.56000E-06,+40.60804011E-03
+21.57000E-06,+40.60804011E-03
+21.58000E-06,+30.55778891E-03
+21.59000E-06,+50.65829131E-03
+21.60000E-06,+50.65829121E-03
+21.61000E-06,+70.75879350E-03
+21.62000E-06,+60.70854230E-03
+21.63000E-06,+70.75879350E-03
+21.64000E-06,+80.80904470E-03
+21.65000E-06,+80.80904470E-03
+21.66000E-06,+90.85929580E-03
+21.67000E-06,+90.85929580E-03
+21.68000E-06,+100.90954700E-03
+21.69000E-06,+80.80904470E-03
+21.70000E-06,+90.85929580E-03
+21.71000E-06,+90.85929580E-03
+21.72000E-06,+90.85929580E-03
+21.73000E-06,+80.80904470E-03
+21.74000E-06,+100.90954690E-03
+21.75000E-06,+100.90954690E-03
+21.76000E-06,+110.95979810E-03
+21.77000E-06,+110.95979810E-03
+21.78000E-06,+110.95979810E-03
+21.79000E-06,+110.95979810E-03
+21.80000E-06,+121.01004930E-03
+21.81000E-06,+110.95979810E-03
+21.82000E-06,+90.85929580E-03
+21.83000E-06,+100.90954700E-03
+21.84000E-06,+110.95979810E-03
+21.85000E-06,+90.85929580E-03
+21.86000E-06,+80.80904460E-03
+21.87000E-06,+70.75879350E-03
+21.88000E-06,+60.70854241E-03
+21.89000E-06,+60.70854241E-03
+21.90000E-06,+50.65829121E-03
+21.91000E-06,+50.65829121E-03
+21.92000E-06,+50.65829121E-03
+21.93000E-06,+50.65829121E-03
+21.94000E-06,+50.65829121E-03
+21.95000E-06,+40.60804011E-03
+21.96000E-06,+30.55778880E-03
+21.97000E-06,+50.65829131E-03
+21.98000E-06,+40.60804000E-03
+21.99000E-06,+30.55778901E-03
+22.00000E-06,+30.55778891E-03
+22.01000E-06,+10.45728661E-03
+22.02000E-06,+407.03541E-06
+22.03000E-06,+407.03552E-06
+22.04000E-06,+20.50753771E-03
+22.05000E-06,+10.45728661E-03
+22.06000E-06,+407.03552E-06
+22.07000E-06,+407.03541E-06
+22.08000E-06,+407.03541E-06
+22.09000E-06,-9.64321569E-03
+22.10000E-06,-9.64321569E-03
+22.11000E-06,+407.03541E-06
+22.12000E-06,+407.03552E-06
+22.13000E-06,+10.45728661E-03
+22.14000E-06,+10.45728661E-03
+22.15000E-06,+407.03552E-06
+22.16000E-06,+10.45728661E-03
+22.17000E-06,+407.03552E-06
+22.18000E-06,+407.03552E-06
+22.19000E-06,-9.64321569E-03
+22.20000E-06,+407.03552E-06
+22.21000E-06,+10.45728661E-03
+22.22000E-06,+10.45728661E-03
+22.23000E-06,+407.03541E-06
+22.24000E-06,+10.45728661E-03
+22.25000E-06,-9.64321569E-03
+22.26000E-06,+407.03552E-06
+22.27000E-06,+407.03552E-06
+22.28000E-06,-19.69346689E-03
+22.29000E-06,-19.69346678E-03
+22.30000E-06,+407.03541E-06
+22.31000E-06,-19.69346678E-03
+22.32000E-06,-9.64321569E-03
+22.33000E-06,+407.03552E-06
+22.34000E-06,-9.64321569E-03
+22.35000E-06,+407.03541E-06
+22.36000E-06,-9.64321557E-03
+22.37000E-06,+407.03541E-06
+22.38000E-06,+407.03552E-06
+22.39000E-06,-9.64321569E-03
+22.40000E-06,+10.45728661E-03
+22.41000E-06,-9.64321580E-03
+22.42000E-06,+407.03541E-06
+22.43000E-06,-9.64321569E-03
+22.44000E-06,+407.03529E-06
+22.45000E-06,+10.45728661E-03
+22.46000E-06,+407.03541E-06
+22.47000E-06,+10.45728661E-03
+22.48000E-06,+407.03552E-06
+22.49000E-06,+407.03541E-06
+22.50000E-06,+407.03552E-06
+22.51000E-06,-9.64321569E-03
+22.52000E-06,-9.64321569E-03
+22.53000E-06,+407.03541E-06
+22.54000E-06,-19.69346678E-03
+22.55000E-06,-9.64321569E-03
+22.56000E-06,-9.64321569E-03
+22.57000E-06,-9.64321569E-03
+22.58000E-06,-9.64321569E-03
+22.59000E-06,+407.03552E-06
+22.60000E-06,+10.45728673E-03
+22.61000E-06,-9.64321569E-03
+22.62000E-06,-9.64321580E-03
+22.63000E-06,+10.45728661E-03
+22.64000E-06,+407.03540E-06
+22.65000E-06,+10.45728661E-03
+22.66000E-06,-9.64321569E-03
+22.67000E-06,+407.03552E-06
+22.68000E-06,+407.03552E-06
+22.69000E-06,+407.03540E-06
+22.70000E-06,+407.03540E-06
+22.71000E-06,+20.50753782E-03
+22.72000E-06,-9.64321569E-03
+22.73000E-06,-9.64321557E-03
+22.74000E-06,+10.45728661E-03
+22.75000E-06,+407.03552E-06
+22.76000E-06,+10.45728661E-03
+22.77000E-06,-9.64321569E-03
+22.78000E-06,+10.45728649E-03
+22.79000E-06,-9.64321569E-03
+22.80000E-06,-9.64321569E-03
+22.81000E-06,-9.64321569E-03
+22.82000E-06,-9.64321569E-03
+22.83000E-06,+407.03540E-06
+22.84000E-06,+407.03552E-06
+22.85000E-06,+10.45728661E-03
+22.86000E-06,+20.50753782E-03
+22.87000E-06,+407.03540E-06
+22.88000E-06,+407.03552E-06
+22.89000E-06,+407.03528E-06
+22.90000E-06,+10.45728661E-03
+22.91000E-06,+407.03552E-06
+22.92000E-06,-9.64321569E-03
+22.93000E-06,+30.55778891E-03
+22.94000E-06,+10.45728661E-03
+22.95000E-06,+10.45728661E-03
+22.96000E-06,+20.50753782E-03
+22.97000E-06,+407.03540E-06
+22.98000E-06,+20.50753770E-03
+22.99000E-06,+10.45728661E-03
+23.00000E-06,+20.50753770E-03
+23.01000E-06,+407.03552E-06
+23.02000E-06,+407.03540E-06
+23.03000E-06,+407.03552E-06
+23.04000E-06,+30.55778891E-03
+23.05000E-06,+20.50753782E-03
+23.06000E-06,+20.50753770E-03
+23.07000E-06,+20.50753770E-03
+23.08000E-06,+30.55778891E-03
+23.09000E-06,+20.50753770E-03
+23.10000E-06,+30.55778891E-03
+23.11000E-06,+20.50753770E-03
+23.12000E-06,+20.50753782E-03
+23.13000E-06,+30.55778891E-03
+23.14000E-06,+20.50753782E-03
+23.15000E-06,+10.45728661E-03
+23.16000E-06,+10.45728661E-03
+23.17000E-06,+20.50753782E-03
+23.18000E-06,+20.50753782E-03
+23.19000E-06,+10.45728674E-03
+23.20000E-06,+407.03540E-06
+23.21000E-06,+20.50753770E-03
+23.22000E-06,-9.64321569E-03
+23.23000E-06,+10.45728661E-03
+23.24000E-06,+407.03553E-06
+23.25000E-06,+407.03540E-06
+23.26000E-06,+407.03540E-06
+23.27000E-06,+407.03540E-06
+23.28000E-06,+10.45728661E-03
+23.29000E-06,-9.64321569E-03
+23.30000E-06,+407.03553E-06
+23.31000E-06,-19.69346677E-03
+23.32000E-06,+10.45728661E-03
+23.33000E-06,+10.45728661E-03
+23.34000E-06,+407.03553E-06
+23.35000E-06,-9.64321569E-03
+23.36000E-06,-9.64321569E-03
+23.37000E-06,-9.64321569E-03
+23.38000E-06,-9.64321569E-03
+23.39000E-06,-9.64321581E-03
+23.40000E-06,-9.64321569E-03
+23.41000E-06,-9.64321569E-03
+23.42000E-06,+407.03553E-06
+23.43000E-06,+20.50753770E-03
+23.44000E-06,-9.64321569E-03
+23.45000E-06,+407.03540E-06
+23.46000E-06,+407.03553E-06
+23.47000E-06,-9.64321569E-03
+23.48000E-06,+10.45728661E-03
+23.49000E-06,-9.64321569E-03
+23.50000E-06,-9.64321569E-03
+23.51000E-06,-9.64321569E-03
+23.52000E-06,+10.45728661E-03
+23.53000E-06,-9.64321582E-03
+23.54000E-06,+407.03553E-06
+23.55000E-06,+407.03553E-06
+23.56000E-06,+407.03540E-06
+23.57000E-06,+407.03540E-06
+23.58000E-06,+20.50753769E-03
+23.59000E-06,+10.45728661E-03
+23.60000E-06,+30.55778891E-03
+23.61000E-06,+407.03553E-06
+23.62000E-06,+407.03540E-06
+23.63000E-06,+407.03553E-06
+23.64000E-06,+10.45728661E-03
+23.65000E-06,+10.45728648E-03
+23.66000E-06,+10.45728661E-03
+23.67000E-06,-9.64321569E-03
+23.68000E-06,+10.45728648E-03
+23.69000E-06,+407.03540E-06
+23.70000E-06,+10.45728661E-03
+23.71000E-06,+407.03540E-06
+23.72000E-06,+20.50753769E-03
+23.73000E-06,+20.50753769E-03
+23.74000E-06,+20.50753769E-03
+23.75000E-06,+10.45728661E-03
+23.76000E-06,+10.45728661E-03
+23.77000E-06,+407.03540E-06
+23.78000E-06,+10.45728661E-03
+23.79000E-06,+10.45728661E-03
+23.80000E-06,+20.50753769E-03
+23.81000E-06,+407.03553E-06
+23.82000E-06,+10.45728661E-03
+23.83000E-06,+10.45728661E-03
+23.84000E-06,+10.45728661E-03
+23.85000E-06,+407.03553E-06
+23.86000E-06,-9.64321569E-03
+23.87000E-06,-9.64321569E-03
+23.88000E-06,+407.03553E-06
+23.89000E-06,-9.64321569E-03
+23.90000E-06,-9.64321569E-03
+23.91000E-06,+407.03539E-06
+23.92000E-06,+407.03539E-06
+23.93000E-06,+407.03539E-06
+23.94000E-06,+407.03553E-06
+23.95000E-06,+407.03553E-06
+23.96000E-06,-19.69346690E-03
+23.97000E-06,+10.45728661E-03
+23.98000E-06,+407.03539E-06
+23.99000E-06,+407.03553E-06
+24.00000E-06,-19.69346677E-03
+24.01000E-06,+407.03539E-06
+24.02000E-06,+10.45728661E-03
+24.03000E-06,-9.64321569E-03
+24.04000E-06,-9.64321569E-03
+24.05000E-06,-19.69346677E-03
+24.06000E-06,+20.50753783E-03
+24.07000E-06,+407.03553E-06
+24.08000E-06,+407.03553E-06
+24.09000E-06,+10.45728661E-03
+24.10000E-06,-19.69346690E-03
+24.11000E-06,-9.64321569E-03
+24.12000E-06,+407.03539E-06
+24.13000E-06,+10.45728661E-03
+24.14000E-06,+407.03539E-06
+24.15000E-06,-9.64321555E-03
+24.16000E-06,+407.03539E-06
+24.17000E-06,-9.64321569E-03
+24.18000E-06,+407.03539E-06
+24.19000E-06,-9.64321569E-03
+24.20000E-06,-19.69346691E-03
+24.21000E-06,-9.64321554E-03
+24.22000E-06,+407.03539E-06
+24.23000E-06,-9.64321569E-03
+24.24000E-06,-9.64321569E-03
+24.25000E-06,-9.64321569E-03
+24.26000E-06,+407.03553E-06
+24.27000E-06,-19.69346676E-03
+24.28000E-06,+407.03539E-06
+24.29000E-06,+20.50753783E-03
+24.30000E-06,-9.64321569E-03
+24.31000E-06,-9.64321569E-03
+24.32000E-06,+10.45728661E-03
+24.33000E-06,+10.45728661E-03
+24.34000E-06,+407.03553E-06
+24.35000E-06,+10.45728661E-03
+24.36000E-06,+10.45728676E-03
+24.37000E-06,+20.50753769E-03
+24.38000E-06,+10.45728661E-03
+24.39000E-06,+10.45728661E-03
+24.40000E-06,+10.45728661E-03
+24.41000E-06,+407.03539E-06
+24.42000E-06,+10.45728647E-03
+24.43000E-06,+407.03539E-06
+24.44000E-06,+20.50753769E-03
+24.45000E-06,+10.45728661E-03
+24.46000E-06,+10.45728661E-03
+24.47000E-06,-9.64321569E-03
+24.48000E-06,+10.45728661E-03
+24.49000E-06,-9.64321569E-03
+24.50000E-06,-9.64321569E-03
+24.51000E-06,+407.03554E-06
+24.52000E-06,+10.45728661E-03
+24.53000E-06,-19.69346676E-03
+24.54000E-06,+407.03554E-06
+24.55000E-06,+407.03539E-06
+24.56000E-06,+10.45728661E-03
+24.57000E-06,+10.45728661E-03
+24.58000E-06,-9.64321569E-03
+24.59000E-06,+20.50753783E-03
+24.60000E-06,+10.45728646E-03
+24.61000E-06,+10.45728661E-03
+24.62000E-06,+20.50753783E-03
+24.63000E-06,+10.45728661E-03
+24.64000E-06,+20.50753769E-03
+24.65000E-06,+407.03539E-06
+24.66000E-06,+407.03539E-06
+24.67000E-06,+407.03539E-06
+24.68000E-06,+407.03554E-06
+24.69000E-06,+10.45728661E-03
+24.70000E-06,+10.45728661E-03
+24.71000E-06,+10.45728661E-03
+24.72000E-06,+407.03539E-06
+24.73000E-06,+407.03539E-06
+24.74000E-06,+407.03554E-06
+24.75000E-06,+407.03554E-06
+24.76000E-06,+10.45728661E-03
+24.77000E-06,-9.64321554E-03
+24.78000E-06,+407.03539E-06
+24.79000E-06,+407.03554E-06
+24.80000E-06,-19.69346691E-03
+24.81000E-06,+10.45728661E-03
+24.82000E-06,-19.69346676E-03
+24.83000E-06,+407.03539E-06
+24.84000E-06,-19.69346691E-03
+24.85000E-06,-9.64321569E-03
+24.86000E-06,+20.50753768E-03
+24.87000E-06,+407.03554E-06
+24.88000E-06,-9.64321569E-03
+24.89000E-06,-9.64321584E-03
+24.90000E-06,+10.45728661E-03
+24.91000E-06,+407.03554E-06
+24.92000E-06,+10.45728676E-03
+24.93000E-06,+407.03554E-06
+24.94000E-06,+10.45728661E-03
+24.95000E-06,-9.64321569E-03
+24.96000E-06,-9.64321569E-03
+24.97000E-06,+407.03539E-06
+24.98000E-06,-9.64321569E-03
+24.99000E-06,+407.03554E-06
+25.00000E-06,+10.45728677E-03
+25.01000E-06,+10.45728661E-03
+25.02000E-06,-9.64321569E-03
+25.03000E-06,-9.64321569E-03
+25.04000E-06,+10.45728661E-03
+25.05000E-06,+407.03538E-06
+25.06000E-06,-9.64321569E-03
+25.07000E-06,+407.03538E-06
+25.08000E-06,+407.03554E-06
+25.09000E-06,-9.64321553E-03
+25.10000E-06,+407.03554E-06
+25.11000E-06,+407.03554E-06
+25.12000E-06,+407.03538E-06
+25.13000E-06,-19.69346660E-03
+25.14000E-06,+10.45728661E-03
+25.15000E-06,+407.03554E-06
+25.16000E-06,+407.03538E-06
+25.17000E-06,-9.64321569E-03
+25.18000E-06,+10.45728661E-03
+25.19000E-06,-9.64321569E-03
+25.20000E-06,+10.45728661E-03
+25.21000E-06,+407.03554E-06
+25.22000E-06,+10.45728661E-03
+25.23000E-06,+407.03554E-06
+25.24000E-06,+407.03538E-06
+25.25000E-06,+10.45728661E-03
+25.26000E-06,+10.45728661E-03
+25.27000E-06,+10.45728661E-03
+25.28000E-06,+407.03554E-06
+25.29000E-06,+20.50753784E-03
+25.30000E-06,+407.03538E-06
+25.31000E-06,+407.03538E-06
+25.32000E-06,-9.64321585E-03
+25.33000E-06,+10.45728661E-03
+25.34000E-06,+407.03538E-06
+25.35000E-06,+10.45728661E-03
+25.36000E-06,+407.03538E-06
+25.37000E-06,+407.03538E-06
+25.38000E-06,+20.50753768E-03
+25.39000E-06,+407.03554E-06
+25.40000E-06,+20.50753768E-03
+25.41000E-06,+10.45728677E-03
+25.42000E-06,-9.64321569E-03
+25.43000E-06,-9.64321569E-03
+25.44000E-06,+407.03554E-06
+25.45000E-06,+407.03538E-06
+25.46000E-06,+407.03538E-06
+25.47000E-06,+407.03538E-06
+25.48000E-06,-9.64321569E-03
+25.49000E-06,-9.64321569E-03
+25.50000E-06,+407.03538E-06
+25.51000E-06,-9.64321569E-03
+25.52000E-06,-9.64321569E-03
+25.53000E-06,-9.64321569E-03
+25.54000E-06,-9.64321585E-03
+25.55000E-06,+10.45728661E-03
+25.56000E-06,+407.03554E-06
+25.57000E-06,-9.64321569E-03
+25.58000E-06,+10.45728661E-03
+25.59000E-06,-19.69346675E-03
+25.60000E-06,-9.64321569E-03
+25.61000E-06,-9.64321552E-03
+25.62000E-06,-9.64321569E-03
+25.63000E-06,-9.64321569E-03
+25.64000E-06,+407.03538E-06
+25.65000E-06,+10.45728661E-03
+25.66000E-06,-9.64321569E-03
+25.67000E-06,-9.64321569E-03
+25.68000E-06,+20.50753768E-03
+25.69000E-06,-9.64321585E-03
+25.70000E-06,+10.45728645E-03
+25.71000E-06,+20.50753768E-03
+25.72000E-06,+407.03555E-06
+25.73000E-06,+407.03555E-06
+25.74000E-06,+407.03538E-06
+25.75000E-06,+10.45728661E-03
+25.76000E-06,+407.03555E-06
+25.77000E-06,+407.03538E-06
+25.78000E-06,+10.45728661E-03
+25.79000E-06,+407.03555E-06
+25.80000E-06,+10.45728661E-03
+25.81000E-06,+10.45728644E-03
+25.82000E-06,+10.45728661E-03
+25.83000E-06,+407.03555E-06
+25.84000E-06,+10.45728661E-03
+25.85000E-06,-9.64321569E-03
+25.86000E-06,+10.45728661E-03
+25.87000E-06,+10.45728661E-03
+25.88000E-06,+10.45728661E-03
+25.89000E-06,-9.64321552E-03
+25.90000E-06,+10.45728661E-03
+25.91000E-06,-9.64321569E-03
+25.92000E-06,+10.45728661E-03
+25.93000E-06,+407.03555E-06
+25.94000E-06,+407.03555E-06
+25.95000E-06,+10.45728661E-03
+25.96000E-06,+10.45728661E-03
+25.97000E-06,+407.03538E-06
+25.98000E-06,+407.03538E-06
+25.99000E-06,+407.03555E-06
+26.00000E-06,-9.64321552E-03
+26.01000E-06,+10.45728661E-03
+26.02000E-06,+10.45728644E-03
+26.03000E-06,+407.03555E-06
+26.04000E-06,-9.64321569E-03
+26.05000E-06,+407.03538E-06
+26.06000E-06,+407.03555E-06
+26.07000E-06,+407.03555E-06
+26.08000E-06,-9.64321569E-03
+26.09000E-06,-9.64321569E-03
+26.10000E-06,-9.64321569E-03
+26.11000E-06,+10.45728661E-03
+26.12000E-06,-9.64321569E-03
+26.13000E-06,+407.03555E-06
+26.14000E-06,+407.03538E-06
+26.15000E-06,-9.64321569E-03
+26.16000E-06,+407.03538E-06
+26.17000E-06,-9.64321569E-03
+26.18000E-06,+407.03555E-06
+26.19000E-06,-9.64321569E-03
+26.20000E-06,-9.64321586E-03
+26.21000E-06,+10.45728661E-03
+26.22000E-06,-9.64321569E-03
+26.23000E-06,-19.69346675E-03
+26.24000E-06,-9.64321569E-03
+26.25000E-06,+10.45728661E-03
+26.26000E-06,+407.03538E-06
+26.27000E-06,+407.03555E-06
+26.28000E-06,+407.03538E-06
+26.29000E-06,+407.03538E-06
+26.30000E-06,+10.45728661E-03
+26.31000E-06,+407.03537E-06
+26.32000E-06,-9.64321569E-03
+26.33000E-06,+407.03537E-06
+26.34000E-06,+20.50753767E-03
+26.35000E-06,-9.64321569E-03
+26.36000E-06,+10.45728661E-03
+26.37000E-06,+407.03537E-06
+26.38000E-06,+10.45728679E-03
+26.39000E-06,+10.45728679E-03
+26.40000E-06,-9.64321569E-03
+26.41000E-06,-9.64321569E-03
+26.42000E-06,-9.64321569E-03
+26.43000E-06,-9.64321569E-03
+26.44000E-06,-19.69346692E-03
+26.45000E-06,+10.45728661E-03
+26.46000E-06,+10.45728661E-03
+26.47000E-06,+407.03555E-06
+26.48000E-06,+407.03555E-06
+26.49000E-06,+407.03555E-06
+26.50000E-06,+10.45728661E-03
+26.51000E-06,+407.03537E-06
+26.52000E-06,+10.45728661E-03
+26.53000E-06,+20.50753767E-03
+26.54000E-06,+407.03555E-06
+26.55000E-06,+407.03537E-06
+26.56000E-06,+407.03537E-06
+26.57000E-06,-9.64321569E-03
+26.58000E-06,+10.45728661E-03
+26.59000E-06,-9.64321569E-03
+26.60000E-06,+407.03537E-06
+26.61000E-06,+407.03555E-06
+26.62000E-06,+10.45728661E-03
+26.63000E-06,+407.03555E-06
+26.64000E-06,+407.03555E-06
+26.65000E-06,+407.03555E-06
+26.66000E-06,+20.50753785E-03
+26.67000E-06,-9.64321569E-03
+26.68000E-06,+10.45728661E-03
+26.69000E-06,+10.45728661E-03
+26.70000E-06,-9.64321569E-03
+26.71000E-06,+407.03555E-06
+26.72000E-06,+10.45728661E-03
+26.73000E-06,+407.03537E-06
+26.74000E-06,+407.03537E-06
+26.75000E-06,-19.69346674E-03
+26.76000E-06,-9.64321569E-03
+26.77000E-06,+407.03537E-06
+26.78000E-06,+10.45728661E-03
+26.79000E-06,+10.45728661E-03
+26.80000E-06,+10.45728679E-03
+26.81000E-06,-9.64321569E-03
+26.82000E-06,+10.45728661E-03
+26.83000E-06,+10.45728661E-03
+26.84000E-06,+20.50753785E-03
+26.85000E-06,-9.64321550E-03
+26.86000E-06,-9.64321569E-03
+26.87000E-06,-19.69346693E-03
+26.88000E-06,+407.03537E-06
+26.89000E-06,+407.03537E-06
+26.90000E-06,+407.03537E-06
+26.91000E-06,+407.03537E-06
+26.92000E-06,-9.64321569E-03
+26.93000E-06,-9.64321569E-03
+26.94000E-06,-9.64321587E-03
+26.95000E-06,+407.03537E-06
+26.96000E-06,+407.03537E-06
+26.97000E-06,-9.64321550E-03
+26.98000E-06,+407.03537E-06
+26.99000E-06,-9.64321569E-03
+27.00000E-06,+407.03537E-06
+27.01000E-06,+20.50753785E-03
+27.02000E-06,+10.45728661E-03
+27.03000E-06,+407.03556E-06
+27.04000E-06,-9.64321569E-03
+27.05000E-06,+407.03537E-06
+27.06000E-06,-9.64321569E-03
+27.07000E-06,-9.64321587E-03
+27.08000E-06,+407.03537E-06
+27.09000E-06,+407.03556E-06
+27.10000E-06,+407.03537E-06
+27.11000E-06,+10.45728661E-03
+27.12000E-06,+407.03537E-06
+27.13000E-06,-9.64321569E-03
+27.14000E-06,-19.69346674E-03
+27.15000E-06,+407.03537E-06
+27.16000E-06,+10.45728642E-03
+27.17000E-06,+10.45728680E-03
+27.18000E-06,+10.45728661E-03
+27.19000E-06,+407.03556E-06
+27.20000E-06,-9.64321569E-03
+27.21000E-06,+10.45728661E-03
+27.22000E-06,+10.45728661E-03
+27.23000E-06,+10.45728680E-03
+27.24000E-06,+10.45728661E-03
+27.25000E-06,+407.03537E-06
+27.26000E-06,+10.45728661E-03
+27.27000E-06,+407.03537E-06
+27.28000E-06,+10.45728661E-03
+27.29000E-06,+10.45728661E-03
+27.30000E-06,+407.03556E-06
+27.31000E-06,+10.45728661E-03
+27.32000E-06,+20.50753766E-03
+27.33000E-06,+10.45728661E-03
+27.34000E-06,+20.50753766E-03
+27.35000E-06,-9.64321569E-03
+27.36000E-06,+10.45728661E-03
+27.37000E-06,+407.03556E-06
+27.38000E-06,-9.64321569E-03
+27.39000E-06,+407.03537E-06
+27.40000E-06,+10.45728661E-03
+27.41000E-06,-9.64321569E-03
+27.42000E-06,+10.45728642E-03
+27.43000E-06,+407.03556E-06
+27.44000E-06,+407.03537E-06
+27.45000E-06,+407.03537E-06
+27.46000E-06,+407.03537E-06
+27.47000E-06,+407.03556E-06
+27.48000E-06,-9.64321569E-03
+27.49000E-06,+10.45728661E-03
+27.50000E-06,-9.64321549E-03
+27.51000E-06,+10.45728661E-03
+27.52000E-06,+407.03537E-06
+27.53000E-06,-9.64321569E-03
+27.54000E-06,+407.03537E-06
+27.55000E-06,-9.64321588E-03
+27.56000E-06,-9.64321569E-03
+27.57000E-06,+407.03536E-06
+27.58000E-06,+407.03536E-06
+27.59000E-06,-19.69346674E-03
+27.60000E-06,-19.69346693E-03
+27.61000E-06,-9.64321569E-03
+27.62000E-06,+407.03536E-06
+27.63000E-06,+10.45728661E-03
+27.64000E-06,-9.64321569E-03
+27.65000E-06,-9.64321569E-03
+27.66000E-06,-9.64321569E-03
+27.67000E-06,+407.03556E-06
+27.68000E-06,+407.03536E-06
+27.69000E-06,+407.03536E-06
+27.70000E-06,-9.64321549E-03
+27.71000E-06,-9.64321549E-03
+27.72000E-06,-9.64321569E-03
+27.73000E-06,-9.64321569E-03
+27.74000E-06,+10.45728661E-03
+27.75000E-06,+407.03536E-06
+27.76000E-06,-9.64321569E-03
+27.77000E-06,+407.03536E-06
+27.78000E-06,+20.50753766E-03
+27.79000E-06,+10.45728661E-03
+27.80000E-06,+407.03556E-06
+27.81000E-06,+407.03536E-06
+27.82000E-06,+10.45728641E-03
+27.83000E-06,+20.50753786E-03
+27.84000E-06,+10.45728661E-03
+27.85000E-06,+10.45728661E-03
+27.86000E-06,+10.45728661E-03
+27.87000E-06,+10.45728661E-03
+27.88000E-06,+20.50753786E-03
+27.89000E-06,+407.03536E-06
+27.90000E-06,+10.45728641E-03
+27.91000E-06,+10.45728661E-03
+27.92000E-06,+10.45728661E-03
+27.93000E-06,+10.45728661E-03
+27.94000E-06,+10.45728661E-03
+27.95000E-06,-9.64321569E-03
+27.96000E-06,+10.45728661E-03
+27.97000E-06,-9.64321548E-03
+27.98000E-06,+407.03556E-06
+27.99000E-06,-9.64321569E-03
+28.00000E-06,+407.03536E-06
+28.01000E-06,-19.69346694E-03
+28.02000E-06,-9.64321589E-03
+28.03000E-06,+407.03556E-06
+28.04000E-06,+407.03556E-06
+28.05000E-06,-19.69346673E-03
+28.06000E-06,+10.45728641E-03
+28.07000E-06,+10.45728661E-03
+28.08000E-06,-29.74371798E-03
+28.09000E-06,+407.03556E-06
+28.10000E-06,+10.45728661E-03
+28.11000E-06,+407.03536E-06
+28.12000E-06,-9.64321569E-03
+28.13000E-06,+407.03556E-06
+28.14000E-06,+407.03556E-06
+28.15000E-06,+407.03536E-06
+28.16000E-06,+10.45728661E-03
+28.17000E-06,+407.03557E-06
+28.18000E-06,-9.64321569E-03
+28.19000E-06,+30.55778891E-03
+28.20000E-06,+10.45728661E-03
+28.21000E-06,+20.50753766E-03
+28.22000E-06,+10.45728661E-03
+28.23000E-06,+10.45728661E-03
+28.24000E-06,+10.45728661E-03
+28.25000E-06,+20.50753766E-03
+28.26000E-06,+10.45728661E-03
+28.27000E-06,+407.03557E-06
+28.28000E-06,+407.03536E-06
+28.29000E-06,+407.03536E-06
+28.30000E-06,-9.64321569E-03
+28.31000E-06,+10.45728661E-03
+28.32000E-06,-9.64321569E-03
+28.33000E-06,+407.03557E-06
+28.34000E-06,+407.03536E-06
+28.35000E-06,+407.03536E-06
+28.36000E-06,-9.64321569E-03
+28.37000E-06,+10.45728661E-03
+28.38000E-06,+10.45728661E-03
+28.39000E-06,+10.45728661E-03
+28.40000E-06,+10.45728661E-03
+28.41000E-06,-9.64321569E-03
+28.42000E-06,+407.03557E-06
+28.43000E-06,+407.03557E-06
+28.44000E-06,+407.03536E-06
+28.45000E-06,+407.03557E-06
+28.46000E-06,-9.64321569E-03
+28.47000E-06,+10.45728661E-03
+28.48000E-06,+407.03536E-06
+28.49000E-06,+10.45728661E-03
+28.50000E-06,+407.03536E-06
+28.51000E-06,+10.45728682E-03
+28.52000E-06,+407.03536E-06
+28.53000E-06,+10.45728661E-03
+28.54000E-06,+20.50753765E-03
+28.55000E-06,+10.45728661E-03
+28.56000E-06,+407.03557E-06
+28.57000E-06,-9.64321569E-03
+28.58000E-06,-19.69346673E-03
+28.59000E-06,-9.64321569E-03
+28.60000E-06,+20.50753765E-03
+28.61000E-06,+407.03557E-06
+28.62000E-06,+407.03557E-06
+28.63000E-06,+10.45728661E-03
+28.64000E-06,-9.64321569E-03
+28.65000E-06,+407.03557E-06
+28.66000E-06,-9.64321569E-03
+28.67000E-06,-9.64321569E-03
+28.68000E-06,+10.45728661E-03
+28.69000E-06,+407.03557E-06
+28.70000E-06,+407.03557E-06
+28.71000E-06,+10.45728661E-03
+28.72000E-06,-9.64321569E-03
+28.73000E-06,+407.03536E-06
+28.74000E-06,+407.03557E-06
+28.75000E-06,+407.03557E-06
+28.76000E-06,+407.03536E-06
+28.77000E-06,+10.45728661E-03
+28.78000E-06,+407.03535E-06
+28.79000E-06,-9.64321569E-03
+28.80000E-06,-9.64321569E-03
+28.81000E-06,-9.64321569E-03
+28.82000E-06,+10.45728661E-03
+28.83000E-06,+10.45728661E-03
+28.84000E-06,+407.03535E-06
+28.85000E-06,+20.50753765E-03
+28.86000E-06,+10.45728661E-03
+28.87000E-06,+10.45728661E-03
+28.88000E-06,+407.03535E-06
+28.89000E-06,+407.03557E-06
+28.90000E-06,+10.45728661E-03
+28.91000E-06,+10.45728661E-03
+28.92000E-06,+407.03535E-06
+28.93000E-06,-19.69346673E-03
+28.94000E-06,+407.03535E-06
+28.95000E-06,+407.03535E-06
+28.96000E-06,+10.45728661E-03
+28.97000E-06,+407.03535E-06
+28.98000E-06,+10.45728661E-03
+28.99000E-06,+10.45728661E-03
+29.00000E-06,+10.45728661E-03
+29.01000E-06,-9.64321569E-03
+29.02000E-06,+407.03535E-06
+29.03000E-06,+407.03535E-06
+29.04000E-06,+407.03535E-06
+29.05000E-06,+407.03535E-06
+29.06000E-06,+10.45728661E-03
+29.07000E-06,+407.03535E-06
+29.08000E-06,+407.03535E-06
+29.09000E-06,+20.50753765E-03
+29.10000E-06,-9.64321569E-03
+29.11000E-06,-9.64321569E-03
+29.12000E-06,-9.64321569E-03
+29.13000E-06,-19.69346695E-03
+29.14000E-06,+10.45728661E-03
+29.15000E-06,+10.45728661E-03
+29.16000E-06,+407.03557E-06
+29.17000E-06,+407.03557E-06
+29.18000E-06,+407.03557E-06
+29.19000E-06,+407.03557E-06
+29.20000E-06,+407.03557E-06
+29.21000E-06,-9.64321569E-03
+29.22000E-06,+407.03535E-06
+29.23000E-06,-9.64321569E-03
+29.24000E-06,+10.45728661E-03
+29.25000E-06,-19.69346672E-03
+29.26000E-06,+10.45728661E-03
+29.27000E-06,+407.03557E-06
+29.28000E-06,-9.64321569E-03
+29.29000E-06,+407.03557E-06
+29.30000E-06,+407.03535E-06
+29.31000E-06,+10.45728683E-03
+29.32000E-06,-9.64321569E-03
+29.33000E-06,+407.03557E-06
+29.34000E-06,+10.45728661E-03
+29.35000E-06,+407.03557E-06
+29.36000E-06,+10.45728661E-03
+29.37000E-06,+10.45728661E-03
+29.38000E-06,+10.45728684E-03
+29.39000E-06,+20.50753787E-03
+29.40000E-06,+407.03535E-06
+29.41000E-06,+20.50753787E-03
+29.42000E-06,+10.45728661E-03
+29.43000E-06,+10.45728661E-03
+29.44000E-06,+10.45728661E-03
+29.45000E-06,+10.45728661E-03
+29.46000E-06,+20.50753765E-03
+29.47000E-06,+10.45728639E-03
+29.48000E-06,+10.45728661E-03
+29.49000E-06,+20.50753765E-03
+29.50000E-06,+10.45728638E-03
+29.51000E-06,+20.50753765E-03
+29.52000E-06,+20.50753787E-03
+29.53000E-06,+20.50753787E-03
+29.54000E-06,+20.50753765E-03
+29.55000E-06,+407.03535E-06
+29.56000E-06,+10.45728661E-03
+29.57000E-06,+20.50753787E-03
+29.58000E-06,+20.50753787E-03
+29.59000E-06,+20.50753787E-03
+29.60000E-06,+30.55778891E-03
+29.61000E-06,+40.60803994E-03
+29.62000E-06,+40.60803994E-03
+29.63000E-06,+30.55778891E-03
+29.64000E-06,+50.65829121E-03
+29.65000E-06,+40.60804017E-03
+29.66000E-06,+30.55778891E-03
+29.67000E-06,+40.60803994E-03
+29.68000E-06,+50.65829121E-03
+29.69000E-06,+60.70854224E-03
+29.70000E-06,+50.65829121E-03
+29.71000E-06,+40.60804017E-03
+29.72000E-06,+40.60803994E-03
+29.73000E-06,+50.65829121E-03
+29.74000E-06,+50.65829121E-03
+29.75000E-06,+30.55778891E-03
+29.76000E-06,+60.70854224E-03
+29.77000E-06,+30.55778891E-03
+29.78000E-06,+40.60803994E-03
+29.79000E-06,+30.55778891E-03
+29.80000E-06,+50.65829121E-03
+29.81000E-06,+40.60804017E-03
+29.82000E-06,+30.55778891E-03
+29.83000E-06,+30.55778891E-03
+29.84000E-06,+30.55778891E-03
+29.85000E-06,+10.45728661E-03
+29.86000E-06,+40.60804017E-03
+29.87000E-06,+10.45728661E-03
+29.88000E-06,+40.60803994E-03
+29.89000E-06,+40.60803994E-03
+29.90000E-06,+20.50753764E-03
+29.91000E-06,+40.60804017E-03
+29.92000E-06,+30.55778891E-03
+29.93000E-06,+40.60803994E-03
+29.94000E-06,+50.65829121E-03
+29.95000E-06,+60.70854224E-03
+29.96000E-06,+60.70854224E-03
+29.97000E-06,+80.80904453E-03
+29.98000E-06,+70.75879350E-03
+29.99000E-06,+90.85929580E-03
+30.00000E-06,+100.90954707E-03
+30.01000E-06,+121.01004936E-03
+30.02000E-06,+110.95979810E-03
+30.03000E-06,+151.16080269E-03
+30.04000E-06,+141.11055166E-03
+30.05000E-06,+161.21105396E-03
+30.06000E-06,+151.16080269E-03
+30.07000E-06,+181.31155626E-03
+30.08000E-06,+151.16080269E-03
+30.09000E-06,+171.26130499E-03
+30.10000E-06,+161.21105396E-03
+30.11000E-06,+171.26130499E-03
+30.12000E-06,+161.21105396E-03
+30.13000E-06,+151.16080269E-03
+30.14000E-06,+131.06030039E-03
+30.15000E-06,+131.06030039E-03
+30.16000E-06,+131.06030039E-03
+30.17000E-06,+121.01004913E-03
+30.18000E-06,+110.95979810E-03
+30.19000E-06,+110.95979810E-03
+30.20000E-06,+121.01004937E-03
+30.21000E-06,+100.90954683E-03
+30.22000E-06,+100.90954683E-03
+30.23000E-06,+90.85929580E-03
+30.24000E-06,+70.75879350E-03
+30.25000E-06,+80.80904477E-03
+30.26000E-06,+70.75879350E-03
+30.27000E-06,+50.65829121E-03
+30.28000E-06,+50.65829121E-03
+30.29000E-06,+50.65829121E-03
+30.30000E-06,+40.60803994E-03
+30.31000E-06,+30.55778891E-03
+30.32000E-06,+40.60803994E-03
+30.33000E-06,+30.55778891E-03
+30.34000E-06,+50.65829121E-03
+30.35000E-06,+20.50753764E-03
+30.36000E-06,+20.50753764E-03
+30.37000E-06,+30.55778891E-03
+30.38000E-06,+407.03534E-06
+30.39000E-06,+10.45728661E-03
+30.40000E-06,+20.50753764E-03
+30.41000E-06,+20.50753764E-03
+30.42000E-06,+20.50753764E-03
+30.43000E-06,+20.50753764E-03
+30.44000E-06,+30.55778891E-03
+30.45000E-06,+30.55778915E-03
+30.46000E-06,+40.60803994E-03
+30.47000E-06,+40.60803994E-03
+30.48000E-06,+30.55778891E-03
+30.49000E-06,+30.55778891E-03
+30.50000E-06,+40.60804018E-03
+30.51000E-06,+40.60804018E-03
+30.52000E-06,+40.60803994E-03
+30.53000E-06,+50.65829121E-03
+30.54000E-06,+50.65829121E-03
+30.55000E-06,+40.60803994E-03
+30.56000E-06,+60.70854248E-03
+30.57000E-06,+50.65829121E-03
+30.58000E-06,+40.60803994E-03
+30.59000E-06,+60.70854248E-03
+30.60000E-06,+50.65829121E-03
+30.61000E-06,+60.70854248E-03
+30.62000E-06,+40.60803993E-03
+30.63000E-06,+30.55778891E-03
+30.64000E-06,+40.60804018E-03
+30.65000E-06,+40.60804018E-03
+30.66000E-06,+40.60803993E-03
+30.67000E-06,+40.60803993E-03
+30.68000E-06,+50.65829121E-03
+30.69000E-06,+30.55778891E-03
+30.70000E-06,+30.55778866E-03
+30.71000E-06,+30.55778891E-03
+30.72000E-06,+40.60804018E-03
+30.73000E-06,+30.55778891E-03
+30.74000E-06,+20.50753764E-03
+30.75000E-06,+20.50753788E-03
+30.76000E-06,+30.55778891E-03
+30.77000E-06,+20.50753764E-03
+30.78000E-06,+20.50753764E-03
+30.79000E-06,+20.50753788E-03
+30.80000E-06,+20.50753788E-03
+30.81000E-06,+10.45728661E-03
+30.82000E-06,+407.03534E-06
+30.83000E-06,+10.45728661E-03
+30.84000E-06,+407.03534E-06
+30.85000E-06,+407.03559E-06
+30.86000E-06,+20.50753788E-03
+30.87000E-06,+10.45728661E-03
+30.88000E-06,+407.03534E-06
+30.89000E-06,+407.03534E-06
+30.90000E-06,+10.45728661E-03
+30.91000E-06,+20.50753788E-03
+30.92000E-06,+10.45728661E-03
+30.93000E-06,-9.64321569E-03
+30.94000E-06,+407.03534E-06
+30.95000E-06,+10.45728661E-03
+30.96000E-06,+10.45728661E-03
+30.97000E-06,+10.45728661E-03
+30.98000E-06,+20.50753763E-03
+30.99000E-06,+10.45728661E-03
+31.00000E-06,+30.55778891E-03
+31.01000E-06,+10.45728661E-03
+31.02000E-06,+407.03534E-06
+31.03000E-06,+20.50753789E-03
+31.04000E-06,+20.50753763E-03
+31.05000E-06,+10.45728661E-03
+31.06000E-06,+10.45728661E-03
+31.07000E-06,-9.64321569E-03
+31.08000E-06,+10.45728661E-03
+31.09000E-06,+407.03559E-06
+31.10000E-06,+20.50753763E-03
+31.11000E-06,+20.50753789E-03
+31.12000E-06,+407.03534E-06
+31.13000E-06,+407.03534E-06
+31.14000E-06,+10.45728686E-03
+31.15000E-06,+407.03559E-06
+31.16000E-06,+10.45728661E-03
+31.17000E-06,+20.50753763E-03
+31.18000E-06,+10.45728661E-03
+31.19000E-06,+10.45728661E-03
+31.20000E-06,+10.45728661E-03
+31.21000E-06,+10.45728661E-03
+31.22000E-06,+20.50753789E-03
+31.23000E-06,+20.50753789E-03
+31.24000E-06,+10.45728661E-03
+31.25000E-06,+407.03559E-06
+31.26000E-06,+20.50753763E-03
+31.27000E-06,+30.55778891E-03
+31.28000E-06,+20.50753789E-03
+31.29000E-06,+20.50753763E-03
+31.30000E-06,+20.50753763E-03
+31.31000E-06,+30.55778891E-03
+31.32000E-06,+30.55778891E-03
+31.33000E-06,+40.60803993E-03
+31.34000E-06,+40.60803993E-03
+31.35000E-06,+30.55778917E-03
+31.36000E-06,+40.60804019E-03
+31.37000E-06,+40.60804019E-03
+31.38000E-06,+50.65829121E-03
+31.39000E-06,+50.65829146E-03
+31.40000E-06,+50.65829121E-03
+31.41000E-06,+60.70854223E-03
+31.42000E-06,+50.65829121E-03
+31.43000E-06,+60.70854248E-03
+31.44000E-06,+60.70854248E-03
+31.45000E-06,+50.65829121E-03
+31.46000E-06,+80.80904478E-03
+31.47000E-06,+50.65829121E-03
+31.48000E-06,+70.75879350E-03
+31.49000E-06,+60.70854223E-03
+31.50000E-06,+60.70854222E-03
+31.51000E-06,+70.75879350E-03
+31.52000E-06,+70.75879350E-03
+31.53000E-06,+70.75879324E-03
+31.54000E-06,+50.65829121E-03
+31.55000E-06,+70.75879350E-03
+31.56000E-06,+90.85929606E-03
+31.57000E-06,+50.65829121E-03
+31.58000E-06,+60.70854222E-03
+31.59000E-06,+60.70854248E-03
+31.60000E-06,+70.75879350E-03
+31.61000E-06,+50.65829121E-03
+31.62000E-06,+70.75879350E-03
+31.63000E-06,+70.75879350E-03
+31.64000E-06,+90.85929580E-03
+31.65000E-06,+90.85929580E-03
+31.66000E-06,+60.70854222E-03
+31.67000E-06,+90.85929580E-03
+31.68000E-06,+90.85929580E-03
+31.69000E-06,+90.85929580E-03
+31.70000E-06,+100.90954682E-03
+31.71000E-06,+110.95979836E-03
+31.72000E-06,+110.95979810E-03
+31.73000E-06,+110.95979810E-03
+31.74000E-06,+100.90954682E-03
+31.75000E-06,+80.80904478E-03
+31.76000E-06,+90.85929580E-03
+31.77000E-06,+60.70854249E-03
+31.78000E-06,+70.75879350E-03
+31.79000E-06,+80.80904478E-03
+31.80000E-06,+70.75879350E-03
+31.81000E-06,+70.75879350E-03
+31.82000E-06,+70.75879350E-03
+31.83000E-06,+50.65829121E-03
+31.84000E-06,+30.55778891E-03
+31.85000E-06,+50.65829121E-03
+31.86000E-06,+40.60803992E-03
+31.87000E-06,+30.55778891E-03
+31.88000E-06,+20.50753789E-03
+31.89000E-06,+10.45728661E-03
+31.90000E-06,+20.50753763E-03
+31.91000E-06,+10.45728661E-03
+31.92000E-06,+20.50753789E-03
+31.93000E-06,+407.03560E-06
+31.94000E-06,+407.03533E-06
+31.95000E-06,+407.03533E-06
+31.96000E-06,+407.03533E-06
+31.97000E-06,-29.74371798E-03
+31.98000E-06,+407.03533E-06
+31.99000E-06,+407.03560E-06
+32.00000E-06,+407.03560E-06
+32.01000E-06,+407.03560E-06
+32.02000E-06,-19.69346697E-03
+32.03000E-06,-29.74371798E-03
+32.04000E-06,-19.69346697E-03
+32.05000E-06,-29.74371798E-03
+32.06000E-06,-9.64321569E-03
+32.07000E-06,-9.64321569E-03
+32.08000E-06,-19.69346670E-03
+32.09000E-06,-9.64321569E-03
+32.10000E-06,+407.03533E-06
+32.11000E-06,-9.64321569E-03
+32.12000E-06,-9.64321595E-03
+32.13000E-06,+10.45728688E-03
+32.14000E-06,-9.64321569E-03
+32.15000E-06,-9.64321569E-03
+32.16000E-06,+407.03533E-06
+32.17000E-06,-9.64321569E-03
+32.18000E-06,+10.45728661E-03
+32.19000E-06,+10.45728661E-03
+32.20000E-06,+10.45728661E-03
+32.21000E-06,+10.45728661E-03
+32.22000E-06,+40.60803992E-03
+32.23000E-06,+20.50753790E-03
+32.24000E-06,+30.55778891E-03
+32.25000E-06,+40.60804019E-03
+32.26000E-06,+40.60804019E-03
+32.27000E-06,+40.60804019E-03
+32.28000E-06,+50.65829148E-03
+32.29000E-06,+50.65829121E-03
+32.30000E-06,+70.75879350E-03
+32.31000E-06,+60.70854249E-03
+32.32000E-06,+50.65829121E-03
+32.33000E-06,+70.75879350E-03
+32.34000E-06,+50.65829121E-03
+32.35000E-06,+50.65829121E-03
+32.36000E-06,+50.65829121E-03
+32.37000E-06,+60.70854222E-03
+32.38000E-06,+40.60803992E-03
+32.39000E-06,+40.60804019E-03
+32.40000E-06,+40.60804019E-03
+32.41000E-06,+30.55778863E-03
+32.42000E-06,+30.55778891E-03
+32.43000E-06,+10.45728661E-03
+32.44000E-06,+10.45728661E-03
+32.45000E-06,+20.50753762E-03
+32.46000E-06,+20.50753790E-03
+32.47000E-06,+20.50753790E-03
+32.48000E-06,+20.50753762E-03
+32.49000E-06,+30.55778891E-03
+32.50000E-06,+40.60803992E-03
+32.51000E-06,+40.60804019E-03
+32.52000E-06,+20.50753762E-03
+32.53000E-06,+20.50753762E-03
+32.54000E-06,+20.50753790E-03
+32.55000E-06,+30.55778891E-03
+32.56000E-06,+30.55778891E-03
+32.57000E-06,+20.50753762E-03
+32.58000E-06,+30.55778891E-03
+32.59000E-06,+40.60804020E-03
+32.60000E-06,+50.65829121E-03
+32.61000E-06,+40.60804020E-03
+32.62000E-06,+30.55778891E-03
+32.63000E-06,+30.55778891E-03
+32.64000E-06,+30.55778891E-03
+32.65000E-06,+60.70854222E-03
+32.66000E-06,+60.70854249E-03
+32.67000E-06,+60.70854249E-03
+32.68000E-06,+50.65829121E-03
+32.69000E-06,+50.65829121E-03
+32.70000E-06,+40.60804020E-03
+32.71000E-06,+50.65829148E-03
+32.72000E-06,+50.65829121E-03
+32.73000E-06,+30.55778891E-03
+32.74000E-06,+40.60804020E-03
+32.75000E-06,+30.55778891E-03
+32.76000E-06,+50.65829121E-03
+32.77000E-06,+30.55778891E-03
+32.78000E-06,+30.55778891E-03
+32.79000E-06,+20.50753790E-03
+32.80000E-06,+20.50753790E-03
+32.81000E-06,+20.50753790E-03
+32.82000E-06,+10.45728661E-03
+32.83000E-06,+10.45728661E-03
+32.84000E-06,+407.03560E-06
+32.85000E-06,+407.03532E-06
+32.86000E-06,+407.03532E-06
+32.87000E-06,+407.03532E-06
+32.88000E-06,+10.45728661E-03
+32.89000E-06,+10.45728661E-03
+32.90000E-06,+10.45728661E-03
+32.91000E-06,-9.64321569E-03
+32.92000E-06,-9.64321569E-03
+32.93000E-06,+407.03560E-06
+32.94000E-06,+407.03532E-06
+32.95000E-06,-9.64321569E-03
+32.96000E-06,+407.03532E-06
+32.97000E-06,+10.45728661E-03
+32.98000E-06,-9.64321569E-03
+32.99000E-06,-9.64321569E-03
+33.00000E-06,-9.64321569E-03
+33.01000E-06,+407.03532E-06
+33.02000E-06,+10.45728633E-03
+33.03000E-06,+10.45728661E-03
+33.04000E-06,+407.03532E-06
+33.05000E-06,+10.45728661E-03
+33.06000E-06,+10.45728661E-03
+33.07000E-06,-9.64321569E-03
+33.08000E-06,+10.45728661E-03
+33.09000E-06,+10.45728661E-03
+33.10000E-06,+10.45728661E-03
+33.11000E-06,+20.50753790E-03
+33.12000E-06,+407.03561E-06
+33.13000E-06,+20.50753790E-03
+33.14000E-06,+10.45728661E-03
+33.15000E-06,-9.64321569E-03
+33.16000E-06,+10.45728661E-03
+33.17000E-06,+10.45728661E-03
+33.18000E-06,+20.50753762E-03
+33.19000E-06,+10.45728661E-03
+33.20000E-06,+10.45728661E-03
+33.21000E-06,+407.03561E-06
+33.22000E-06,+20.50753790E-03
+33.23000E-06,+407.03561E-06
+33.24000E-06,+407.03561E-06
+33.25000E-06,+10.45728661E-03
+33.26000E-06,+10.45728661E-03
+33.27000E-06,-9.64321569E-03
+33.28000E-06,-9.64321569E-03
+33.29000E-06,+407.03532E-06
+33.30000E-06,+10.45728661E-03
+33.31000E-06,+10.45728661E-03
+33.32000E-06,+10.45728661E-03
+33.33000E-06,-9.64321569E-03
+33.34000E-06,+10.45728661E-03
+33.35000E-06,+10.45728661E-03
+33.36000E-06,+407.03532E-06
+33.37000E-06,+10.45728661E-03
+33.38000E-06,+20.50753762E-03
+33.39000E-06,+10.45728661E-03
+33.40000E-06,+407.03532E-06
+33.41000E-06,-9.64321540E-03
+33.42000E-06,+10.45728632E-03
+33.43000E-06,+407.03532E-06
+33.44000E-06,+10.45728661E-03
+33.45000E-06,+10.45728632E-03
+33.46000E-06,+407.03532E-06
+33.47000E-06,+20.50753791E-03
+33.48000E-06,+10.45728661E-03
+33.49000E-06,+10.45728661E-03
+33.50000E-06,+10.45728661E-03
+33.51000E-06,+10.45728661E-03
+33.52000E-06,+10.45728661E-03
+33.53000E-06,+407.03532E-06
+33.54000E-06,+10.45728661E-03
+33.55000E-06,+407.03532E-06
+33.56000E-06,+20.50753761E-03
+33.57000E-06,+20.50753791E-03
+33.58000E-06,+30.55778891E-03
+33.59000E-06,+10.45728661E-03
+33.60000E-06,+20.50753791E-03
+33.61000E-06,-9.64321569E-03
+33.62000E-06,+30.55778891E-03
+33.63000E-06,+407.03561E-06
+33.64000E-06,+20.50753791E-03
+33.65000E-06,+20.50753761E-03
+33.66000E-06,+10.45728661E-03
+33.67000E-06,+407.03561E-06
+33.68000E-06,+407.03532E-06
+33.69000E-06,+407.03561E-06
+33.70000E-06,+10.45728661E-03
+33.71000E-06,-9.64321569E-03
+33.72000E-06,+10.45728661E-03
+33.73000E-06,+10.45728661E-03
+33.74000E-06,+10.45728661E-03
+33.75000E-06,+10.45728661E-03
+33.76000E-06,+407.03531E-06
+33.77000E-06,+407.03561E-06
+33.78000E-06,+407.03531E-06
+33.79000E-06,+407.03561E-06
+33.80000E-06,+407.03531E-06
+33.81000E-06,-9.64321569E-03
+33.82000E-06,+10.45728661E-03
+33.83000E-06,+10.45728661E-03
+33.84000E-06,+20.50753791E-03
+33.85000E-06,+30.55778891E-03
+33.86000E-06,+40.60804021E-03
+33.87000E-06,+40.60803991E-03
+33.88000E-06,+60.70854250E-03
+33.89000E-06,+60.70854221E-03
+33.90000E-06,+60.70854221E-03
+33.91000E-06,+60.70854250E-03
+33.92000E-06,+60.70854221E-03
+33.93000E-06,+80.80904450E-03
+33.94000E-06,+80.80904450E-03
+33.95000E-06,+80.80904480E-03
+33.96000E-06,+90.85929580E-03
+33.97000E-06,+90.85929610E-03
+33.98000E-06,+100.90954680E-03
+33.99000E-06,+100.90954680E-03
+34.00000E-06,+110.95979780E-03
+34.01000E-06,+100.90954680E-03
+34.02000E-06,+90.85929580E-03
+34.03000E-06,+80.80904480E-03
+34.04000E-06,+90.85929580E-03
+34.05000E-06,+80.80904480E-03
+34.06000E-06,+80.80904450E-03
+34.07000E-06,+70.75879350E-03
+34.08000E-06,+70.75879320E-03
+34.09000E-06,+60.70854220E-03
+34.10000E-06,+70.75879350E-03
+34.11000E-06,+50.65829121E-03
+34.12000E-06,+40.60804021E-03
+34.13000E-06,+50.65829121E-03
+34.14000E-06,+40.60803991E-03
+34.15000E-06,+50.65829121E-03
+34.16000E-06,+50.65829121E-03
+34.17000E-06,+50.65829121E-03
+34.18000E-06,+50.65829121E-03
+34.19000E-06,+40.60803991E-03
+34.20000E-06,+50.65829121E-03
+34.21000E-06,+60.70854220E-03
+34.22000E-06,+70.75879350E-03
+34.23000E-06,+50.65829121E-03
+34.24000E-06,+80.80904480E-03
+34.25000E-06,+100.90954710E-03
+34.26000E-06,+121.01004909E-03
+34.27000E-06,+131.06030039E-03
+34.28000E-06,+141.11055139E-03
+34.29000E-06,+151.16080269E-03
+34.30000E-06,+171.26130469E-03
+34.31000E-06,+171.26130499E-03
+34.32000E-06,+191.36180729E-03
+34.33000E-06,+181.31155629E-03
+34.34000E-06,+191.36180729E-03
+34.35000E-06,+201.41205828E-03
+34.36000E-06,+211.46230958E-03
+34.37000E-06,+211.46230928E-03
+34.38000E-06,+231.56281188E-03
+34.39000E-06,+241.61306288E-03
+34.40000E-06,+211.46230928E-03
+34.41000E-06,+231.56281188E-03
+34.42000E-06,+201.41205828E-03
+34.43000E-06,+211.46230958E-03
+34.44000E-06,+211.46230958E-03
+34.45000E-06,+211.46230958E-03
+34.46000E-06,+201.41205828E-03
+34.47000E-06,+181.31155629E-03
+34.48000E-06,+201.41205859E-03
+34.49000E-06,+171.26130499E-03
+34.50000E-06,+161.21105369E-03
+34.51000E-06,+151.16080269E-03
+34.52000E-06,+141.11055139E-03
+34.53000E-06,+131.06030039E-03
+34.54000E-06,+121.01004940E-03
+34.55000E-06,+121.01004909E-03
+34.56000E-06,+100.90954679E-03
+34.57000E-06,+100.90954679E-03
+34.58000E-06,+80.80904450E-03
+34.59000E-06,+70.75879350E-03
+34.60000E-06,+80.80904481E-03
+34.61000E-06,+70.75879350E-03
+34.62000E-06,+50.65829121E-03
+34.63000E-06,+50.65829121E-03
+34.64000E-06,+40.60804021E-03
+34.65000E-06,+40.60804021E-03
+34.66000E-06,+30.55778891E-03
+34.67000E-06,+40.60804021E-03
+34.68000E-06,+30.55778891E-03
+34.69000E-06,+40.60803990E-03
+34.70000E-06,+30.55778891E-03
+34.71000E-06,+20.50753792E-03
+34.72000E-06,+20.50753760E-03
+34.73000E-06,+30.55778922E-03
+34.74000E-06,+20.50753792E-03
+34.75000E-06,+20.50753760E-03
+34.76000E-06,+20.50753760E-03
+34.77000E-06,+30.55778891E-03
+34.78000E-06,+30.55778860E-03
+34.79000E-06,+30.55778891E-03
+34.80000E-06,+50.65829152E-03
+34.81000E-06,+50.65829121E-03
+34.82000E-06,+50.65829121E-03
+34.83000E-06,+50.65829121E-03
+34.84000E-06,+60.70854251E-03
+34.85000E-06,+70.75879350E-03
+34.86000E-06,+80.80904481E-03
+34.87000E-06,+110.95979810E-03
+34.88000E-06,+141.11055139E-03
+34.89000E-06,+161.21105400E-03
+34.90000E-06,+211.46230958E-03
+34.91000E-06,+281.81406778E-03
+34.92000E-06,+382.31657927E-03
+34.93000E-06,+452.66833715E-03
+34.94000E-06,+533.07034634E-03
+34.95000E-06,+623.52260652E-03
+34.96000E-06,+774.27637391E-03
+34.97000E-06,+894.87938769E-03
+34.98000E-06,+1.00543215048E+00
+34.99000E-06,+1.12603516427E+00
+35.00000E-06,+1.24663817774E+00
+35.01000E-06,+1.36724119184E+00
+35.02000E-06,+1.46774370332E+00
+35.03000E-06,+1.57829646580E+00
+35.04000E-06,+1.65869847499E+00
+35.05000E-06,+1.75920098647E+00
+35.06000E-06,+1.81950249337E+00
+35.07000E-06,+1.89990450256E+00
+35.08000E-06,+1.99035676305E+00
+35.09000E-06,+2.05065826963E+00
+35.10000E-06,+2.12101002783E+00
+35.11000E-06,+2.18131153472E+00
+35.12000E-06,+2.23156279030E+00
+35.13000E-06,+2.29186429719E+00
+35.14000E-06,+2.34211555310E+00
+35.15000E-06,+2.39236680900E+00
+35.16000E-06,+2.43256781359E+00
+35.17000E-06,+2.47276881819E+00
+35.18000E-06,+2.49286932048E+00
+35.19000E-06,+2.53307032508E+00
+35.20000E-06,+2.54312057607E+00
+35.21000E-06,+2.58332158066E+00
+35.22000E-06,+2.58332158066E+00
+35.23000E-06,+2.60342208264E+00
+35.24000E-06,+2.64362308756E+00
+35.25000E-06,+2.64362308756E+00
+35.26000E-06,+2.64362308756E+00
+35.27000E-06,+2.64362308756E+00
+35.28000E-06,+2.64362308756E+00
+35.29000E-06,+2.67377384084E+00
+35.30000E-06,+2.67377384084E+00
+35.31000E-06,+2.65367333854E+00
+35.32000E-06,+2.64362308756E+00
+35.33000E-06,+2.64362308756E+00
+35.34000E-06,+2.62352258526E+00
+35.35000E-06,+2.59337183197E+00
+35.36000E-06,+2.54312057607E+00
+35.37000E-06,+2.51296982246E+00
