x-axis,1
second,Volt
-4.55000E-06,+7.47743138E-03
-4.52750E-06,+22.08170295E-03
-4.50500E-06,-1.86930242E-03
-4.48250E-06,+22.08170295E-03
-4.46000E-06,+55.37944211E-03
-4.43750E-06,+21.49753209E-03
-4.41500E-06,+54.21110039E-03
-4.39250E-06,-5.37432759E-03
-4.37000E-06,+59.46863815E-03
-4.34750E-06,+2.80406448E-03
-4.32500E-06,+22.08170295E-03
-4.30250E-06,+50.70607521E-03
-4.28000E-06,+22.08170295E-03
-4.25750E-06,+22.66587381E-03
-4.23500E-06,+22.08170295E-03
-4.21250E-06,+22.08170295E-03
-4.19000E-06,+22.08170295E-03
-4.16750E-06,+22.08170295E-03
-4.14500E-06,+46.03270831E-03
-4.12250E-06,+30.84426589E-03
-4.10000E-06,+17.99250691E-03
-4.07750E-06,-14.72106139E-03
-4.05500E-06,+54.21110039E-03
-4.03250E-06,+22.08170295E-03
-4.01000E-06,-15.30523226E-03
-3.98750E-06,+22.08170295E-03
-3.96500E-06,-1.86930242E-03
-3.94250E-06,+13.31914001E-03
-3.92000E-06,-7.12684018E-03
-3.89750E-06,+58.30029643E-03
-3.87500E-06,+16.82416518E-03
-3.85250E-06,+49.53773349E-03
-3.83000E-06,+36.68597451E-03
-3.80750E-06,+22.08170295E-03
-3.78500E-06,+22.08170295E-03
-3.76250E-06,+2.21989362E-03
-3.74000E-06,+51.29024608E-03
-3.71750E-06,-15.30523226E-03
-3.69500E-06,+22.08170295E-03
-3.67250E-06,+49.53773349E-03
-3.65000E-06,+22.08170295E-03
-3.62750E-06,+3.97240621E-03
-3.60500E-06,-15.30523226E-03
-3.58250E-06,-15.30523226E-03
-3.56000E-06,+22.08170295E-03
-3.53750E-06,+22.66587381E-03
-3.51500E-06,+22.08170295E-03
-3.49250E-06,+49.53773349E-03
-3.47000E-06,-700.96069E-06
-3.44750E-06,+22.08170295E-03
-3.42500E-06,+22.08170295E-03
-3.40250E-06,+59.46863815E-03
-3.38000E-06,-11.21603622E-03
-3.35750E-06,+22.08170295E-03
-3.33500E-06,+59.46863815E-03
-3.31250E-06,+22.08170295E-03
-3.29000E-06,+44.86436659E-03
-3.26750E-06,+22.08170295E-03
-3.24500E-06,+22.08170295E-03
-3.22250E-06,+22.08170295E-03
-3.20000E-06,+51.29024608E-03
-3.17750E-06,+22.66587381E-03
-3.15500E-06,+22.08170295E-03
-3.13250E-06,+22.08170295E-03
-3.11000E-06,+7.47743138E-03
-3.08750E-06,+22.08170295E-03
-3.06500E-06,+22.08170295E-03
-3.04250E-06,+50.70607521E-03
-3.02000E-06,+26.17089898E-03
-2.99750E-06,+58.88446729E-03
-2.97500E-06,-15.30523226E-03
-2.95250E-06,-5.37432759E-03
-2.93000E-06,+44.86436659E-03
-2.90750E-06,+22.08170295E-03
-2.88500E-06,+22.08170295E-03
-2.86250E-06,+22.08170295E-03
-2.84000E-06,+22.08170295E-03
-2.81750E-06,+21.49753208E-03
-2.79500E-06,+59.46863815E-03
-2.77250E-06,+12.15079828E-03
-2.75000E-06,+22.08170295E-03
-2.72750E-06,+22.08170295E-03
-2.70500E-06,+22.08170295E-03
-2.68250E-06,-15.30523226E-03
-2.66000E-06,+55.37944211E-03
-2.63750E-06,+58.88446729E-03
-2.61500E-06,+48.95356262E-03
-2.59250E-06,+22.08170295E-03
-2.57000E-06,+22.08170295E-03
-2.54750E-06,+40.19099969E-03
-2.52500E-06,-1.86930242E-03
-2.50250E-06,-15.30523226E-03
-2.48000E-06,-7.12684018E-03
-2.45750E-06,+22.08170295E-03
-2.43500E-06,+22.08170295E-03
-2.41250E-06,+39.60682882E-03
-2.39000E-06,-700.96069E-06
-2.36750E-06,+22.08170295E-03
-2.34500E-06,+46.03270831E-03
-2.32250E-06,-15.30523226E-03
-2.30000E-06,+22.08170295E-03
-2.27750E-06,+22.08170295E-03
-2.25500E-06,+54.21110039E-03
-2.23250E-06,+22.08170295E-03
-2.21000E-06,+36.68597451E-03
-2.18750E-06,+22.08170295E-03
-2.16500E-06,+22.08170295E-03
-2.14250E-06,-6.54266932E-03
-2.12000E-06,+22.08170295E-03
-2.09750E-06,+22.08170295E-03
-2.07500E-06,+27.33924071E-03
-2.05250E-06,+22.08170295E-03
-2.03000E-06,-700.96069E-06
-2.00750E-06,+22.08170295E-03
-1.98500E-06,-1.86930242E-03
-1.96250E-06,+22.08170295E-03
-1.94000E-06,+55.37944212E-03
-1.91750E-06,+58.88446729E-03
-1.89500E-06,+54.21110039E-03
-1.87250E-06,+39.60682882E-03
-1.85000E-06,+36.68597451E-03
-1.82750E-06,+22.08170295E-03
-1.80500E-06,-15.30523226E-03
-1.78250E-06,+13.31914001E-03
-1.76000E-06,+55.37944212E-03
-1.73750E-06,+22.66587381E-03
-1.71500E-06,+22.08170295E-03
-1.69250E-06,+22.08170295E-03
-1.67000E-06,+7.47743138E-03
-1.64750E-06,+22.08170295E-03
-1.62500E-06,+35.51763279E-03
-1.60250E-06,+22.08170295E-03
-1.58000E-06,-11.21603622E-03
-1.55750E-06,+22.08170295E-03
-1.53500E-06,+16.82416518E-03
-1.51250E-06,+22.08170295E-03
-1.49000E-06,+22.08170295E-03
-1.46750E-06,-15.30523226E-03
-1.44500E-06,+22.08170295E-03
-1.42250E-06,+22.08170295E-03
-1.40000E-06,+26.17089898E-03
-1.37750E-06,+22.08170295E-03
-1.35500E-06,+27.33924071E-03
-1.33250E-06,+32.01260761E-03
-1.31000E-06,+22.08170295E-03
-1.28750E-06,+41.35934141E-03
-1.26500E-06,+35.51763279E-03
-1.24250E-06,+22.08170295E-03
-1.22000E-06,+55.37944212E-03
-1.19750E-06,+22.08170295E-03
-1.17500E-06,+22.08170295E-03
-1.15250E-06,-5.37432759E-03
-1.13000E-06,-15.30523226E-03
-1.10750E-06,+41.35934141E-03
-1.08500E-06,-25.82030779E-03
-1.06250E-06,+30.84426588E-03
-1.04000E-06,+26.17089898E-03
-1.01750E-06,+22.08170295E-03
-995.00E-09,+22.08170295E-03
-972.50E-09,+22.08170295E-03
-950.00E-09,-700.96069E-06
-927.50E-09,+2.80406448E-03
-905.00E-09,-1.86930242E-03
-882.50E-09,-6.54266932E-03
-860.00E-09,+17.99250691E-03
-837.50E-09,-14.72106139E-03
-815.00E-09,+22.08170295E-03
-792.50E-09,+22.08170295E-03
-770.00E-09,+36.68597451E-03
-747.50E-09,+22.08170295E-03
-725.00E-09,+22.08170295E-03
-702.50E-09,+22.08170295E-03
-680.00E-09,+22.08170295E-03
-657.50E-09,+22.08170295E-03
-635.00E-09,-10.04769449E-03
-612.50E-09,-5.37432759E-03
-590.00E-09,+22.08170295E-03
-567.50E-09,+22.08170295E-03
-545.00E-09,+22.08170295E-03
-522.50E-09,+13.31914001E-03
-500.00E-09,+26.17089898E-03
-477.50E-09,+21.49753208E-03
-455.00E-09,+22.08170295E-03
-432.50E-09,-5.37432759E-03
-410.00E-09,+7.47743138E-03
-387.50E-09,+22.08170295E-03
-365.00E-09,+22.08170295E-03
-342.50E-09,+59.46863815E-03
-320.00E-09,+17.99250691E-03
-297.50E-09,+22.08170295E-03
-275.00E-09,+22.08170295E-03
-252.50E-09,+32.01260761E-03
-230.00E-09,+22.08170295E-03
-207.50E-09,+22.08170295E-03
-185.00E-09,+8.64577311E-03
-162.50E-09,+22.08170295E-03
-140.00E-09,+22.08170295E-03
-117.50E-09,+97.43974422E-03
-95.00E-09,+214.27391673E-03
-72.50E-09,+443.26889486E-03
-50.00E-09,+680.44226506E-03
-27.50E-09,+938.64578632E-03
-5.00E-09,+1.22897870501E+00
+17.50E-09,+1.45154780365E+00
+40.00E-09,+1.70858298318E+00
+62.50E-09,+1.96620233357E+00
+85.00E-09,+2.15313700959E+00
+107.50E-09,+2.26529781520E+00
+130.00E-09,+2.39206289238E+00
+152.50E-09,+2.48961942643E+00
+175.00E-09,+2.54044229147E+00
+197.50E-09,+2.60178023204E+00
+220.00E-09,+2.63916716725E+00
+242.50E-09,+2.60178023204E+00
+265.00E-09,+2.56965083460E+00
+287.50E-09,+2.52700636163E+00
+310.00E-09,+2.48961942643E+00
+332.50E-09,+2.45223249123E+00
+355.00E-09,+2.41484555602E+00
+377.50E-09,+2.41484555602E+00
+400.00E-09,+2.41484555602E+00
+422.50E-09,+2.48903525557E+00
+445.00E-09,+2.38271615858E+00
+467.50E-09,+2.38738952548E+00
+490.00E-09,+2.37745862082E+00
+512.50E-09,+2.37745862082E+00
+535.00E-09,+2.43879656139E+00
+557.50E-09,+2.44346992829E+00
+580.00E-09,+2.45223249123E+00
+602.50E-09,+2.41426138516E+00
+625.00E-09,+2.37745862082E+00
+647.50E-09,+2.37745862082E+00
+670.00E-09,+2.36285434925E+00
+692.50E-09,+2.39556791755E+00
+715.00E-09,+2.41484555602E+00
+737.50E-09,+2.46099505416E+00
+760.00E-09,+2.45632168726E+00
+782.50E-09,+2.48961942643E+00
+805.00E-09,+2.48961942643E+00
+827.50E-09,+2.49955033109E+00
+850.00E-09,+2.48144103436E+00
+872.50E-09,+2.48961942643E+00
+895.00E-09,+2.48961942643E+00
+917.50E-09,+2.51824379870E+00
+940.00E-09,+2.48553023039E+00
+962.50E-09,+2.48903525557E+00
+985.00E-09,+2.38271615858E+00
+1.00750E-06,+2.37745862082E+00
+1.03000E-06,+2.34007168561E+00
+1.05250E-06,+2.30268475041E+00
+1.07500E-06,+2.34007168561E+00
+1.09750E-06,+2.44346992829E+00
+1.12000E-06,+2.45223249123E+00
+1.14250E-06,+2.56439329684E+00
+1.16500E-06,+2.56965083460E+00
+1.18750E-06,+2.56439329684E+00
+1.21000E-06,+2.56439329684E+00
+1.23250E-06,+2.54511565837E+00
+1.25500E-06,+2.55095736700E+00
+1.27750E-06,+2.48961942643E+00
+1.30000E-06,+2.48961942643E+00
+1.32250E-06,+2.52700636163E+00
+1.34500E-06,+2.52700636163E+00
+1.36750E-06,+2.54453148751E+00
+1.39000E-06,+2.52700636163E+00
+1.41250E-06,+2.52700636163E+00
+1.43500E-06,+2.46274756675E+00
+1.45750E-06,+2.41484555602E+00
+1.48000E-06,+2.34007168561E+00
+1.50250E-06,+2.26588198607E+00
+1.52500E-06,+2.33481414785E+00
+1.54750E-06,+2.31261565507E+00
+1.57000E-06,+2.37745862082E+00
+1.59250E-06,+2.41484555602E+00
+1.61500E-06,+2.50305535627E+00
+1.63750E-06,+2.48961942643E+00
+1.66000E-06,+2.49370862247E+00
+1.68250E-06,+2.52700636163E+00
+1.70500E-06,+2.45749002899E+00
+1.72750E-06,+2.41484555602E+00
+1.75000E-06,+2.41484555602E+00
+1.77250E-06,+2.34007168561E+00
+1.79500E-06,+2.34007168561E+00
+1.81750E-06,+2.34883424855E+00
+1.84000E-06,+2.34007168561E+00
+1.86250E-06,+2.41484555602E+00
+1.88500E-06,+2.38271615858E+00
+1.90750E-06,+2.41484555602E+00
+1.93000E-06,+2.39206289238E+00
+1.95250E-06,+2.34007168561E+00
+1.97500E-06,+2.25186188537E+00
+1.99750E-06,+2.15313700959E+00
+2.02000E-06,+2.07427394315E+00
+2.04250E-06,+2.00300509791E+00
+2.06500E-06,+1.89668600093E+00
+2.08750E-06,+1.95627142890E+00
+2.11000E-06,+1.96620233357E+00
+2.13250E-06,+2.05908550072E+00
+2.15500E-06,+2.11575007439E+00
+2.17750E-06,+2.15313700959E+00
+2.20000E-06,+2.15313700959E+00
+2.22250E-06,+2.11458173266E+00
+2.24500E-06,+2.03571866621E+00
+2.26750E-06,+1.91888449370E+00
+2.29000E-06,+1.72727645078E+00
+2.31250E-06,+1.59233298153E+00
+2.33500E-06,+1.49360810575E+00
+2.35750E-06,+1.45154780365E+00
+2.38000E-06,+1.48017217591E+00
+2.40250E-06,+1.55494604632E+00
+2.42500E-06,+1.59759051929E+00
+2.44750E-06,+1.66710685194E+00
+2.47000E-06,+1.62971991673E+00
+2.49250E-06,+1.61044227826E+00
+2.51500E-06,+1.51755911112E+00
+2.53750E-06,+1.37677393324E+00
+2.56000E-06,+1.25585056469E+00
+2.58250E-06,+1.10747116560E+00
+2.60500E-06,+1.06891588867E+00
+2.62750E-06,+1.03152895346E+00
+2.65000E-06,+1.06891588867E+00
+2.67250E-06,+1.12558046234E+00
+2.69500E-06,+1.14368975908E+00
+2.71750E-06,+1.22722619242E+00
+2.74000E-06,+1.28914830386E+00
+2.76250E-06,+1.25585056469E+00
+2.78500E-06,+1.25585056469E+00
+2.80750E-06,+1.14368975908E+00
+2.83000E-06,+1.00874628982E+00
+2.85250E-06,+938.64578632E-03
+2.87500E-06,+844.59427744E-03
+2.89750E-06,+769.82040703E-03
+2.92000E-06,+803.11814620E-03
+2.94250E-06,+770.40457790E-03
+2.96500E-06,+844.59427744E-03
+2.98750E-06,+864.45608677E-03
+3.01000E-06,+881.98121265E-03
+3.03250E-06,+919.36814785E-03
+3.05500E-06,+929.88322338E-03
+3.07750E-06,+881.98121265E-03
+3.10000E-06,+840.50508141E-03
+3.12250E-06,+732.43347183E-03
+3.14500E-06,+657.65960142E-03
+3.16750E-06,+620.27266622E-03
+3.19000E-06,+545.49879581E-03
+3.21250E-06,+546.66713754E-03
+3.23500E-06,+558.93472564E-03
+3.25750E-06,+591.64829395E-03
+3.28000E-06,+624.36186225E-03
+3.30250E-06,+658.24377228E-03
+3.32500E-06,+657.65960142E-03
+3.34750E-06,+657.65960142E-03
+3.37000E-06,+634.87693778E-03
+3.39250E-06,+602.16336948E-03
+3.41500E-06,+545.49879581E-03
+3.43750E-06,+508.11186060E-03
+3.46000E-06,+470.72492540E-03
+3.48250E-06,+395.95105499E-03
+3.50500E-06,+358.56411979E-03
+3.52750E-06,+395.95105499E-03
+3.55000E-06,+395.95105499E-03
+3.57250E-06,+432.16964847E-03
+3.59500E-06,+457.28899556E-03
+3.61750E-06,+527.97366993E-03
+3.64000E-06,+474.81412143E-03
+3.66250E-06,+470.72492540E-03
+3.68500E-06,+465.46738763E-03
+3.70750E-06,+386.02015032E-03
+3.73000E-06,+358.56411979E-03
+3.75250E-06,+339.28648132E-03
+3.77500E-06,+283.79024938E-03
+3.79750E-06,+255.16587711E-03
+3.82000E-06,+317.08798855E-03
+3.84250E-06,+320.00884285E-03
+3.86500E-06,+289.04778714E-03
+3.88750E-06,+311.24627992E-03
+3.91000E-06,+358.56411979E-03
+3.93250E-06,+357.39577806E-03
+3.95500E-06,+345.12818995E-03
+3.97750E-06,+292.55281231E-03
+4.00000E-06,+283.79024938E-03
+4.02250E-06,+246.40331417E-03
+4.04500E-06,+176.88698153E-03
+4.06750E-06,+236.47240951E-03
+4.09000E-06,+231.79904261E-03
+4.11250E-06,+228.29401744E-03
+4.13500E-06,+283.79024938E-03
+4.15750E-06,+237.64075124E-03
+4.18000E-06,+242.31411814E-03
+4.20250E-06,+209.60054983E-03
+4.22500E-06,+176.88698153E-03
+4.24750E-06,+199.08547430E-03
+4.27000E-06,+171.62944376E-03
+4.29250E-06,+153.52014703E-03
+4.31500E-06,+134.24250856E-03
+4.33750E-06,+105.61813629E-03
+4.36000E-06,+59.46863815E-03
+4.38250E-06,+96.85557336E-03
+4.40500E-06,+91.59803559E-03
+4.42750E-06,+59.46863815E-03
+4.45000E-06,+59.46863815E-03
+4.47250E-06,+41.35934141E-03
+4.49500E-06,+59.46863815E-03
+4.51750E-06,+50.70607522E-03
+4.54000E-06,+92.76637732E-03
+4.56250E-06,+22.08170295E-03
+4.58500E-06,+54.21110039E-03
+4.60750E-06,+49.53773349E-03
+4.63000E-06,+22.08170295E-03
+4.65250E-06,+3.97240621E-03
+4.67500E-06,+22.08170295E-03
+4.69750E-06,+30.84426588E-03
+4.72000E-06,+55.37944212E-03
+4.74250E-06,+22.08170295E-03
+4.76500E-06,-10.04769449E-03
+4.78750E-06,+12.15079828E-03
+4.81000E-06,+7.47743138E-03
+4.83250E-06,+20.91336122E-03
+4.85500E-06,-1.86930242E-03
+4.87750E-06,+30.84426588E-03
+4.90000E-06,+22.08170295E-03
+4.92250E-06,+58.88446729E-03
+4.94500E-06,+27.33924071E-03
+4.96750E-06,+59.46863815E-03
+4.99000E-06,+22.08170295E-03
+5.01250E-06,+2.80406448E-03
+5.03500E-06,-1.86930242E-03
+5.05750E-06,+22.08170295E-03
+5.08000E-06,+22.08170295E-03
+5.10250E-06,+22.08170295E-03
+5.12500E-06,+54.21110039E-03
+5.14750E-06,+22.08170295E-03
+5.17000E-06,-700.96069E-06
+5.19250E-06,+22.08170295E-03
+5.21500E-06,+46.03270832E-03
+5.23750E-06,+50.70607522E-03
+5.26000E-06,+17.99250691E-03
+5.28250E-06,+95.10306076E-03
+5.30500E-06,+27.33924071E-03
+5.32750E-06,+22.08170295E-03
+5.35000E-06,+59.46863815E-03
+5.37250E-06,+40.19099968E-03
+5.39500E-06,+59.46863815E-03
+5.41750E-06,+22.08170295E-03
+5.44000E-06,+55.37944212E-03
+5.46250E-06,+22.08170295E-03
+5.48500E-06,+22.08170295E-03
+5.50750E-06,+22.08170295E-03
+5.53000E-06,+22.08170295E-03
+5.55250E-06,+22.08170295E-03
+5.57500E-06,+22.08170295E-03
+5.59750E-06,+22.08170295E-03
+5.62000E-06,-7.12684019E-03
+5.64250E-06,+22.66587381E-03
+5.66500E-06,-15.30523226E-03
+5.68750E-06,+22.08170295E-03
+5.71000E-06,-700.96069E-06
+5.73250E-06,+22.08170295E-03
+5.75500E-06,-15.30523226E-03
+5.77750E-06,+30.84426588E-03
+5.80000E-06,+22.08170295E-03
+5.82250E-06,+22.08170295E-03
+5.84500E-06,-15.30523226E-03
+5.86750E-06,+4.55657708E-03
+5.89000E-06,+22.08170295E-03
+5.91250E-06,+22.08170295E-03
+5.93500E-06,+22.08170295E-03
+5.95750E-06,+50.70607522E-03
+5.98000E-06,+26.17089898E-03
+6.00250E-06,+22.08170295E-03
+6.02500E-06,+27.33924071E-03
+6.04750E-06,-5.37432759E-03
+6.07000E-06,+22.08170295E-03
+6.09250E-06,+23.25004468E-03
+6.11500E-06,+22.08170295E-03
+6.13750E-06,+30.84426588E-03
+6.16000E-06,-15.30523226E-03
+6.18250E-06,+21.49753208E-03
+6.20500E-06,+16.82416518E-03
+6.22750E-06,+12.15079828E-03
+6.25000E-06,+22.08170295E-03
+6.27250E-06,+2.80406448E-03
+6.29500E-06,-15.30523226E-03
+6.31750E-06,+13.31914001E-03
+6.34000E-06,-15.30523226E-03
+6.36250E-06,-14.13689053E-03
+6.38500E-06,-10.04769449E-03
+6.40750E-06,+32.01260761E-03
+6.43000E-06,+22.08170295E-03
+6.45250E-06,+22.08170295E-03
+6.47500E-06,+22.08170295E-03
+6.49750E-06,-15.30523226E-03
+6.52000E-06,+22.08170295E-03
+6.54250E-06,+22.08170295E-03
+6.56500E-06,+27.33924071E-03
+6.58750E-06,+4.55657708E-03
+6.61000E-06,+22.08170295E-03
+6.63250E-06,+20.91336122E-03
+6.65500E-06,-1.86930242E-03
+6.67750E-06,-15.30523226E-03
+6.70000E-06,+22.08170295E-03
+6.72250E-06,-15.30523226E-03
+6.74500E-06,+22.08170295E-03
+6.76750E-06,+12.15079828E-03
+6.79000E-06,+36.68597452E-03
+6.81250E-06,+22.08170295E-03
+6.83500E-06,+46.03270832E-03
+6.85750E-06,-6.54266932E-03
+6.88000E-06,+22.08170295E-03
+6.90250E-06,-14.72106139E-03
+6.92500E-06,+16.82416518E-03
+6.94750E-06,+22.08170295E-03
+6.97000E-06,+22.08170295E-03
+6.99250E-06,+3.97240621E-03
+7.01500E-06,+22.08170295E-03
+7.03750E-06,+13.31914001E-03
+7.06000E-06,+55.37944212E-03
+7.08250E-06,+22.08170295E-03
+7.10500E-06,+59.46863815E-03
+7.12750E-06,+59.46863815E-03
+7.15000E-06,+30.26009502E-03
+7.17250E-06,+59.46863815E-03
+7.19500E-06,+22.08170295E-03
+7.21750E-06,-6.54266932E-03
+7.24000E-06,+22.08170295E-03
+7.26250E-06,+22.08170295E-03
+7.28500E-06,-10.04769449E-03
+7.30750E-06,+22.08170295E-03
+7.33000E-06,+22.08170295E-03
+7.35250E-06,-15.30523226E-03
+7.37500E-06,-1.86930242E-03
+7.39750E-06,+13.31914001E-03
+7.42000E-06,+26.17089898E-03
+7.44250E-06,-14.72106139E-03
+7.46500E-06,+22.08170295E-03
+7.48750E-06,+22.08170295E-03
+7.51000E-06,+7.47743138E-03
+7.53250E-06,+41.35934142E-03
+7.55500E-06,+35.51763278E-03
+7.57750E-06,+13.31914001E-03
+7.60000E-06,+17.99250691E-03
+7.62250E-06,+58.88446729E-03
+7.64500E-06,+27.33924071E-03
+7.66750E-06,+22.08170295E-03
+7.69000E-06,+7.47743138E-03
+7.71250E-06,+59.46863815E-03
+7.73500E-06,+46.03270832E-03
+7.75750E-06,-6.54266932E-03
+7.78000E-06,-15.30523226E-03
+7.80250E-06,+22.08170295E-03
+7.82500E-06,+27.33924071E-03
+7.84750E-06,+59.46863815E-03
+7.87000E-06,+22.08170295E-03
+7.89250E-06,+22.08170295E-03
+7.91500E-06,+46.03270832E-03
+7.93750E-06,+30.84426588E-03
+7.96000E-06,+55.37944212E-03
+7.98250E-06,+22.08170295E-03
+8.00500E-06,+22.08170295E-03
+8.02750E-06,-5.37432759E-03
+8.05000E-06,+44.86436658E-03
+8.07250E-06,+2.80406448E-03
+8.09500E-06,+22.08170295E-03
+8.11750E-06,+13.31914001E-03
+8.14000E-06,-15.30523226E-03
+8.16250E-06,+22.08170295E-03
+8.18500E-06,+22.08170295E-03
+8.20750E-06,+22.08170295E-03
+8.23000E-06,+22.08170295E-03
+8.25250E-06,+3.97240621E-03
+8.27500E-06,+22.08170295E-03
+8.29750E-06,+30.84426588E-03
+8.32000E-06,+22.08170295E-03
+8.34250E-06,+22.08170295E-03
+8.36500E-06,+16.82416518E-03
+8.38750E-06,+22.08170295E-03
+8.41000E-06,-15.30523226E-03
+8.43250E-06,+22.08170295E-03
+8.45500E-06,+8.64577311E-03
+8.47750E-06,+13.31914001E-03
+8.50000E-06,+55.37944212E-03
+8.52250E-06,+22.08170295E-03
+8.54500E-06,-15.30523226E-03
+8.56750E-06,-5.37432759E-03
+8.59000E-06,-15.30523226E-03
+8.61250E-06,+22.08170295E-03
+8.63500E-06,+22.08170295E-03
+8.65750E-06,-6.54266932E-03
+8.68000E-06,-15.30523226E-03
+8.70250E-06,+22.08170295E-03
+8.72500E-06,+54.21110038E-03
+8.74750E-06,+32.01260762E-03
+8.77000E-06,+22.08170295E-03
+8.79250E-06,+40.19099968E-03
+8.81500E-06,+22.08170295E-03
+8.83750E-06,+22.08170295E-03
+8.86000E-06,+59.46863815E-03
+8.88250E-06,+22.66587381E-03
+8.90500E-06,+22.08170295E-03
+8.92750E-06,+32.01260762E-03
+8.95000E-06,+7.47743138E-03
+8.97250E-06,+22.08170295E-03
+8.99500E-06,-1.86930242E-03
+9.01750E-06,+13.31914001E-03
+9.04000E-06,-11.21603622E-03
+9.06250E-06,-14.72106139E-03
+9.08500E-06,+22.08170295E-03
+9.10750E-06,+22.08170295E-03
+9.13000E-06,+7.47743138E-03
+9.15250E-06,+22.08170295E-03
+9.17500E-06,-15.30523226E-03
+9.19750E-06,+22.08170295E-03
+9.22000E-06,+17.99250691E-03
+9.24250E-06,-14.72106139E-03
+9.26500E-06,+16.82416518E-03
+9.28750E-06,+22.08170295E-03
+9.31000E-06,+36.68597452E-03
+9.33250E-06,+20.91336121E-03
+9.35500E-06,-1.86930242E-03
+9.37750E-06,+2.21989361E-03
+9.40000E-06,+17.99250691E-03
+9.42250E-06,-14.72106139E-03
+9.44500E-06,-10.04769449E-03
+9.46750E-06,+49.53773348E-03
+9.49000E-06,+13.90331088E-03
+9.51250E-06,+2.80406448E-03
+9.53500E-06,+22.08170295E-03
+9.55750E-06,-15.30523226E-03
+9.58000E-06,+22.08170295E-03
+9.60250E-06,+21.49753208E-03
+9.62500E-06,+22.08170295E-03
+9.64750E-06,+22.08170295E-03
+9.67000E-06,+22.08170295E-03
+9.69250E-06,+40.19099968E-03
+9.71500E-06,-1.86930242E-03
+9.73750E-06,+13.31914001E-03
+9.76000E-06,+22.08170295E-03
+9.78250E-06,-52.10799659E-03
+9.80500E-06,+16.82416518E-03
+9.82750E-06,-5.37432759E-03
+9.85000E-06,+44.86436658E-03
+9.87250E-06,+3.97240621E-03
+9.89500E-06,+22.08170295E-03
+9.91750E-06,+22.08170295E-03
+9.94000E-06,+55.37944212E-03
+9.96250E-06,+22.08170295E-03
+9.98500E-06,+16.82416518E-03
+10.00750E-06,+12.15079828E-03
+10.03000E-06,+7.47743138E-03
+10.05250E-06,+22.08170295E-03
+10.07500E-06,+22.08170295E-03
+10.09750E-06,+22.08170295E-03
+10.12000E-06,-11.21603622E-03
+10.14250E-06,+22.08170295E-03
+10.16500E-06,-10.04769449E-03
+10.18750E-06,+12.15079828E-03
+10.21000E-06,+22.08170295E-03
+10.23250E-06,+59.46863815E-03
+10.25500E-06,+22.08170295E-03
+10.27750E-06,+22.08170295E-03
+10.30000E-06,+22.08170295E-03
+10.32250E-06,+22.08170295E-03
+10.34500E-06,+22.08170295E-03
+10.36750E-06,+49.53773348E-03
+10.39000E-06,-700.96069E-06
+10.41250E-06,+41.35934142E-03
+10.43500E-06,+22.08170295E-03
+10.45750E-06,+13.31914001E-03
+10.48000E-06,+59.46863815E-03
+10.50250E-06,+58.88446728E-03
+10.52500E-06,+22.08170295E-03
+10.54750E-06,+32.01260762E-03
+10.57000E-06,-15.30523226E-03
+10.59250E-06,+22.08170295E-03
+10.61500E-06,+8.64577311E-03
+10.63750E-06,+22.08170295E-03
+10.66000E-06,+22.08170295E-03
+10.68250E-06,+22.66587382E-03
+10.70500E-06,+16.82416518E-03
+10.72750E-06,+22.08170295E-03
+10.75000E-06,-15.30523226E-03
+10.77250E-06,+22.08170295E-03
+10.79500E-06,+11.56662741E-03
+10.81750E-06,+13.31914001E-03
+10.84000E-06,+22.08170295E-03
+10.86250E-06,+58.88446728E-03
+10.88500E-06,+27.33924072E-03
+10.90750E-06,+59.46863815E-03
+10.93000E-06,+44.86436658E-03
+10.95250E-06,+40.19099968E-03
+10.97500E-06,+22.08170295E-03
+10.99750E-06,+22.08170295E-03
+11.02000E-06,+26.17089898E-03
+11.04250E-06,+22.08170295E-03
+11.06500E-06,+54.21110038E-03
+11.08750E-06,+22.08170295E-03
+11.11000E-06,-700.96069E-06
+11.13250E-06,+20.91336121E-03
+11.15500E-06,+46.03270832E-03
+11.17750E-06,-6.54266932E-03
+11.20000E-06,+22.08170295E-03
+11.22250E-06,+22.08170295E-03
+11.24500E-06,+22.08170295E-03
+11.26750E-06,+22.08170295E-03
+11.29000E-06,+7.47743138E-03
+11.31250E-06,+2.80406448E-03
+11.33500E-06,+32.59677848E-03
+11.35750E-06,+22.08170295E-03
+11.38000E-06,+22.08170295E-03
+11.40250E-06,+21.49753208E-03
+11.42500E-06,+22.08170295E-03
+11.44750E-06,+22.08170295E-03
+11.47000E-06,+22.08170295E-03
+11.49250E-06,+40.19099968E-03
+11.51500E-06,+59.46863815E-03
+11.53750E-06,+22.08170295E-03
+11.56000E-06,+55.37944212E-03
+11.58250E-06,+22.08170295E-03
+11.60500E-06,-10.04769449E-03
+11.62750E-06,+22.08170295E-03
+11.65000E-06,+44.86436658E-03
+11.67250E-06,+22.08170295E-03
+11.69500E-06,+22.08170295E-03
+11.71750E-06,+22.08170295E-03
+11.74000E-06,-11.21603622E-03
+11.76250E-06,-14.72106139E-03
+11.78500E-06,+22.08170295E-03
+11.80750E-06,+22.08170295E-03
+11.83000E-06,-700.96069E-06
+11.85250E-06,+22.08170295E-03
+11.87500E-06,+35.51763278E-03
+11.89750E-06,-6.54266932E-03
+11.92000E-06,-11.21603622E-03
+11.94250E-06,+22.08170295E-03
+11.96500E-06,+22.08170295E-03
+11.98750E-06,+59.46863815E-03
+12.01000E-06,+36.68597452E-03
+12.03250E-06,+41.35934142E-03
+12.05500E-06,+22.08170295E-03
+12.07750E-06,-6.54266932E-03
+12.10000E-06,+51.29024609E-03
+12.12250E-06,+58.88446728E-03
+12.14500E-06,+22.08170295E-03
+12.16750E-06,-15.30523226E-03
+12.19000E-06,+22.08170295E-03
+12.21250E-06,+22.08170295E-03
+12.23500E-06,-15.30523226E-03
+12.25750E-06,-6.54266932E-03
+12.28000E-06,+55.37944212E-03
+12.30250E-06,+58.88446728E-03
+12.32500E-06,+27.33924072E-03
+12.34750E-06,+49.53773348E-03
+12.37000E-06,+36.68597452E-03
+12.39250E-06,+22.08170295E-03
+12.41500E-06,+22.08170295E-03
+12.43750E-06,+59.46863815E-03
+12.46000E-06,+22.08170295E-03
+12.48250E-06,+21.49753208E-03
+12.50500E-06,+22.08170295E-03
+12.52750E-06,+22.08170295E-03
+12.55000E-06,+22.08170295E-03
+12.57250E-06,+22.08170295E-03
+12.59500E-06,-1.86930242E-03
+12.61750E-06,+30.84426588E-03
+12.64000E-06,+22.08170295E-03
+12.66250E-06,+22.08170295E-03
+12.68500E-06,+22.08170295E-03
+12.70750E-06,-5.37432759E-03
+12.73000E-06,+22.08170295E-03
+12.75250E-06,+22.08170295E-03
+12.77500E-06,+72.90456799E-03
+12.79750E-06,+22.08170295E-03
+12.82000E-06,+22.08170295E-03
+12.84250E-06,+22.66587382E-03
+12.86500E-06,+54.21110038E-03
+12.88750E-06,+22.08170295E-03
+12.91000E-06,+22.08170295E-03
+12.93250E-06,+40.19099968E-03
+12.95500E-06,+46.03270832E-03
+12.97750E-06,-6.54266932E-03
+13.00000E-06,-11.21603622E-03
+13.02250E-06,+59.46863815E-03
+13.04500E-06,+54.21110038E-03
+13.06750E-06,+59.46863815E-03
+13.09000E-06,+7.47743138E-03
+13.11250E-06,+22.08170295E-03
+13.13500E-06,+11.56662741E-03
+13.15750E-06,+22.08170295E-03
+13.18000E-06,+59.46863815E-03
+13.20250E-06,-14.72106139E-03
+13.22500E-06,-10.04769449E-03
+13.24750E-06,+59.46863815E-03
+13.27000E-06,+7.47743138E-03
+13.29250E-06,+22.08170295E-03
+13.31500E-06,+8.64577311E-03
+13.33750E-06,+22.08170295E-03
+13.36000E-06,+17.99250692E-03
+13.38250E-06,+22.66587382E-03
+13.40500E-06,+22.08170295E-03
+13.42750E-06,+22.08170295E-03
+13.45000E-06,-700.96069E-06
+13.47250E-06,+3.97240621E-03
+13.49500E-06,-1.86930242E-03
+13.51750E-06,+22.08170295E-03
+13.54000E-06,+17.99250692E-03
+13.56250E-06,+22.08170295E-03
+13.58500E-06,+16.82416518E-03
+13.60750E-06,+32.01260762E-03
+13.63000E-06,-700.96069E-06
+13.65250E-06,+40.19099968E-03
+13.67500E-06,+46.03270832E-03
+13.69750E-06,+22.08170295E-03
+13.72000E-06,+22.08170295E-03
+13.74250E-06,+21.49753208E-03
+13.76500E-06,+27.33924072E-03
+13.78750E-06,+22.08170295E-03
+13.81000E-06,+44.86436658E-03
+13.83250E-06,+41.35934142E-03
+13.85500E-06,+22.08170295E-03
+13.87750E-06,+41.94351229E-03
+13.90000E-06,+22.08170295E-03
+13.92250E-06,+22.66587382E-03
+13.94500E-06,+22.08170295E-03
+13.96750E-06,+12.15079828E-03
+13.99000E-06,+22.08170295E-03
+14.01250E-06,+22.08170295E-03
+14.03500E-06,+22.08170295E-03
+14.05750E-06,+30.84426588E-03
+14.08000E-06,+22.08170295E-03
+14.10250E-06,+22.08170295E-03
+14.12500E-06,+16.82416518E-03
+14.14750E-06,+22.08170295E-03
+14.17000E-06,+7.47743138E-03
+14.19250E-06,+3.97240621E-03
+14.21500E-06,+22.08170295E-03
+14.23750E-06,-15.30523226E-03
+14.26000E-06,-11.21603623E-03
+14.28250E-06,+22.08170295E-03
+14.30500E-06,+27.33924072E-03
+14.32750E-06,+12.15079828E-03
+14.35000E-06,+7.47743138E-03
+14.37250E-06,+40.19099968E-03
+14.39500E-06,+22.08170295E-03
+14.41750E-06,+22.08170295E-03
+14.44000E-06,-11.21603623E-03
+14.46250E-06,-14.72106139E-03
+14.48500E-06,+22.08170295E-03
+14.50750E-06,+22.08170295E-03
+14.53000E-06,+22.08170295E-03
+14.55250E-06,+22.08170295E-03
+14.57500E-06,-1.86930242E-03
+14.59750E-06,+50.70607522E-03
+14.62000E-06,+55.37944212E-03
+14.64250E-06,-51.52382572E-03
+14.66500E-06,+48.95356261E-03
+14.68750E-06,+22.08170295E-03
+14.71000E-06,+22.08170295E-03
+14.73250E-06,+22.08170295E-03
+14.75500E-06,+11.56662741E-03
+14.77750E-06,+22.08170295E-03
+14.80000E-06,+17.99250692E-03
+14.82250E-06,+22.08170295E-03
+14.84500E-06,-15.30523226E-03
+14.86750E-06,+12.15079828E-03
+14.89000E-06,+22.08170295E-03
+14.91250E-06,+2.80406448E-03
+14.93500E-06,+8.64577312E-03
+14.95750E-06,+22.08170295E-03
+14.98000E-06,+22.08170295E-03
+15.00250E-06,+22.08170295E-03
+15.02500E-06,+22.08170295E-03
+15.04750E-06,+59.46863815E-03
+15.07000E-06,+36.68597452E-03
+15.09250E-06,+41.35934142E-03
+15.11500E-06,+22.08170295E-03
+15.13750E-06,+13.31914002E-03
+15.16000E-06,+22.08170295E-03
+15.18250E-06,+21.49753208E-03
+15.20500E-06,-10.04769449E-03
+15.22750E-06,+32.01260762E-03
+15.25000E-06,+22.08170295E-03
+15.27250E-06,+22.08170295E-03
+15.29500E-06,+22.08170295E-03
+15.31750E-06,+50.70607522E-03
+15.34000E-06,+22.08170295E-03
+15.36250E-06,-14.72106139E-03
+15.38500E-06,+54.21110038E-03
+15.40750E-06,+22.08170295E-03
+15.43000E-06,+22.08170295E-03
+15.45250E-06,+22.08170295E-03
+15.47500E-06,+22.08170295E-03
+15.49750E-06,+22.08170295E-03
+15.52000E-06,+26.17089898E-03
+15.54250E-06,+22.08170295E-03
+15.56500E-06,+16.82416518E-03
+15.58750E-06,+12.15079828E-03
+15.61000E-06,+22.08170295E-03
+15.63250E-06,+22.08170295E-03
+15.65500E-06,+22.08170295E-03
+15.67750E-06,+59.46863815E-03
+15.70000E-06,+55.37944212E-03
+15.72250E-06,+22.66587382E-03
+15.74500E-06,+22.08170295E-03
+15.76750E-06,+22.08170295E-03
+15.79000E-06,+22.08170295E-03
+15.81250E-06,+40.19099968E-03
+15.83500E-06,+8.64577311E-03
+15.85750E-06,+22.08170295E-03
+15.88000E-06,+22.08170295E-03
+15.90250E-06,+58.30029642E-03
+15.92500E-06,-10.04769449E-03
+15.94750E-06,+49.53773348E-03
+15.97000E-06,+22.08170295E-03
+15.99250E-06,+22.08170295E-03
+16.01500E-06,+8.64577311E-03
+16.03750E-06,+59.46863815E-03
+16.06000E-06,+22.08170295E-03
+16.08250E-06,+22.08170295E-03
+16.10500E-06,+22.08170295E-03
+16.12750E-06,+22.08170295E-03
+16.15000E-06,+7.47743138E-03
+16.17250E-06,+40.19099968E-03
+16.19500E-06,-1.86930242E-03
+16.21750E-06,+22.08170295E-03
+16.24000E-06,+22.08170295E-03
+16.26250E-06,+21.49753208E-03
+16.28500E-06,-10.04769449E-03
+16.30750E-06,+4.55657708E-03
+16.33000E-06,+22.08170295E-03
+16.35250E-06,+3.97240621E-03
+16.37500E-06,+8.64577311E-03
+16.39750E-06,-6.54266932E-03
+16.42000E-06,+26.17089898E-03
+16.44250E-06,+22.66587381E-03
+16.46500E-06,+27.33924071E-03
+16.48750E-06,-15.30523226E-03
+16.51000E-06,+22.08170295E-03
+16.53250E-06,+22.08170295E-03
+16.55500E-06,+35.51763278E-03
+16.57750E-06,+22.08170295E-03
+16.60000E-06,+22.08170295E-03
+16.62250E-06,+22.08170295E-03
+16.64500E-06,+27.33924071E-03
+16.66750E-06,+49.53773349E-03
+16.69000E-06,+36.68597451E-03
+16.71250E-06,+22.08170295E-03
+16.73500E-06,+59.46863815E-03
+16.75750E-06,+39.60682882E-03
+16.78000E-06,+59.46863815E-03
+16.80250E-06,+58.88446729E-03
+16.82500E-06,+96.85557336E-03
+16.84750E-06,+49.53773349E-03
+16.87000E-06,+82.25130179E-03
+16.89250E-06,+114.96487009E-03
+16.91500E-06,+120.80657872E-03
+16.93750E-06,+105.61813629E-03
+16.96000E-06,+134.24250856E-03
+16.98250E-06,+134.82667942E-03
+17.00500E-06,+102.11311112E-03
+17.02750E-06,+116.71738269E-03
+17.05000E-06,+119.63823699E-03
+17.07250E-06,+96.85557336E-03
+17.09500E-06,+120.80657872E-03
+17.11750E-06,+96.85557336E-03
+17.14000E-06,+96.85557336E-03
+17.16250E-06,+96.85557336E-03
+17.18500E-06,+64.72617592E-03
+17.20750E-06,+69.39954282E-03
+17.23000E-06,+82.25130179E-03
+17.25250E-06,+77.57793489E-03
+17.27500E-06,+59.46863815E-03
+17.29750E-06,+68.23120109E-03
+17.32000E-06,+30.26009502E-03
+17.34250E-06,+22.08170295E-03
+17.36500E-06,+48.95356262E-03
+17.38750E-06,+22.08170295E-03
+17.41000E-06,+22.08170295E-03
+17.43250E-06,+59.46863815E-03
+17.45500E-06,+22.08170295E-03
+17.47750E-06,+22.08170295E-03
+17.50000E-06,+22.08170295E-03
+17.52250E-06,+22.66587381E-03
+17.54500E-06,+22.08170295E-03
+17.56750E-06,+86.92466869E-03
+17.59000E-06,+67.64703023E-03
+17.61250E-06,+59.46863815E-03
+17.63500E-06,+22.08170295E-03
+17.65750E-06,+50.70607521E-03
+17.68000E-06,+22.08170295E-03
+17.70250E-06,+58.88446729E-03
+17.72500E-06,+27.33924071E-03
+17.74750E-06,+22.08170295E-03
+17.77000E-06,+22.08170295E-03
+17.79250E-06,+22.08170295E-03
+17.81500E-06,+8.64577311E-03
+17.83750E-06,-15.30523226E-03
+17.86000E-06,-11.21603622E-03
+17.88250E-06,+22.66587381E-03
+17.90500E-06,-10.04769449E-03
+17.92750E-06,+59.46863815E-03
+17.95000E-06,-700.96069E-06
+17.97250E-06,+40.19099969E-03
+17.99500E-06,+35.51763279E-03
+18.01750E-06,+30.84426589E-03
+18.04000E-06,+22.08170295E-03
+18.06250E-06,-14.13689054E-03
+18.08500E-06,+59.46863815E-03
+18.10750E-06,+22.08170295E-03
+18.13000E-06,+44.86436659E-03
+18.15250E-06,+22.08170295E-03
+18.17500E-06,+8.64577311E-03
+18.19750E-06,-6.54266932E-03
+18.22000E-06,+55.37944211E-03
+18.24250E-06,+21.49753209E-03
+18.26500E-06,+22.08170295E-03
+18.28750E-06,+12.15079829E-03
+18.31000E-06,+36.68597451E-03
+18.33250E-06,-15.30523226E-03
+18.35500E-06,+59.46863815E-03
+18.37750E-06,+22.08170295E-03
+18.40000E-06,-11.21603622E-03
+18.42250E-06,+22.08170295E-03
+18.44500E-06,+22.08170295E-03
+18.46750E-06,-5.37432760E-03
+18.49000E-06,+22.08170295E-03
+18.51250E-06,+3.97240620E-03
+18.53500E-06,+59.46863815E-03
+18.55750E-06,+22.08170295E-03
+18.58000E-06,+55.37944211E-03
+18.60250E-06,+22.08170295E-03
+18.62500E-06,-10.04769450E-03
+18.64750E-06,+22.08170295E-03
+18.67000E-06,-700.96070E-06
+18.69250E-06,+41.35934141E-03
+18.71500E-06,+8.64577310E-03
+18.73750E-06,+41.94351227E-03
+18.76000E-06,+17.99250691E-03
+18.78250E-06,+21.49753209E-03
+18.80500E-06,-10.04769450E-03
+18.82750E-06,-15.30523226E-03
+18.85000E-06,+22.08170295E-03
+18.87250E-06,+40.19099969E-03
+18.89500E-06,+22.08170295E-03
+18.91750E-06,-6.54266931E-03
+18.94000E-06,+22.08170295E-03
+18.96250E-06,+22.08170295E-03
+18.98500E-06,+22.08170295E-03
+19.00750E-06,+59.46863815E-03
+19.03000E-06,+22.08170295E-03
+19.05250E-06,+59.46863815E-03
+19.07500E-06,+35.51763279E-03
+19.09750E-06,+30.84426589E-03
+19.12000E-06,+26.17089899E-03
+19.14250E-06,+22.66587381E-03
+19.16500E-06,+22.08170295E-03
+19.18750E-06,+22.08170295E-03
+19.21000E-06,+36.68597451E-03
+19.23250E-06,+40.19099969E-03
+19.25500E-06,+59.46863815E-03
+19.27750E-06,+59.46863815E-03
+19.30000E-06,+55.37944211E-03
+19.32250E-06,+59.46863815E-03
+19.34500E-06,+59.46863815E-03
+19.36750E-06,+22.08170295E-03
+19.39000E-06,+36.68597451E-03
+19.41250E-06,+22.08170295E-03
+19.43500E-06,+32.59677846E-03
+19.45750E-06,+88.09301041E-03
+19.48000E-06,+59.46863815E-03
+19.50250E-06,+60.05280901E-03
+19.52500E-06,+96.85557336E-03
+19.54750E-06,+181.56034842E-03
+19.57000E-06,+373.16839134E-03
+19.59250E-06,+639.55030467E-03
+19.61500E-06,+895.41714249E-03
+19.63750E-06,+1.14368975908E+00
+19.66000E-06,+1.40539830551E+00
+19.68250E-06,+1.63030408759E+00
+19.70500E-06,+1.82191213051E+00
+19.72750E-06,+2.00358926877E+00
+19.75000E-06,+2.19052394480E+00
+19.77250E-06,+2.30268475041E+00
+19.79500E-06,+2.48961942643E+00
+19.81750E-06,+2.52700636163E+00
+19.84000E-06,+2.56848249288E+00
+19.86250E-06,+2.56439329684E+00
+19.88500E-06,+2.55387822133E+00
+19.90750E-06,+2.46216339588E+00
+19.93000E-06,+2.50422369799E+00
+19.95250E-06,+2.52700636163E+00
+19.97500E-06,+2.56439329684E+00
+19.99750E-06,+2.57315585978E+00
+20.02000E-06,+2.60178023204E+00
+20.04250E-06,+2.56497746769E+00
+20.06500E-06,+2.62865209174E+00
+20.08750E-06,+2.53693726629E+00
+20.11000E-06,+2.56439329684E+00
+20.13250E-06,+2.56439329684E+00
+20.15500E-06,+2.52700636163E+00
+20.17750E-06,+2.48961942643E+00
+20.20000E-06,+2.44814329518E+00
+20.22250E-06,+2.41484555602E+00
+20.24500E-06,+2.41484555602E+00
+20.26750E-06,+2.42477646068E+00
+20.29000E-06,+2.46041088332E+00
+20.31250E-06,+2.48961942643E+00
+20.33500E-06,+2.50305535628E+00
+20.35750E-06,+2.53576892458E+00
+20.38000E-06,+2.48961942643E+00
+20.40250E-06,+2.52642219078E+00
+20.42500E-06,+2.41484555602E+00
+20.44750E-06,+2.46975761712E+00
+20.47000E-06,+2.45223249123E+00
+20.49250E-06,+2.45223249123E+00
+20.51500E-06,+2.42828148587E+00
+20.53750E-06,+2.34007168561E+00
+20.56000E-06,+2.19870233689E+00
+20.58250E-06,+2.15313700959E+00
+20.60500E-06,+1.96620233357E+00
+20.62750E-06,+1.82658549741E+00
+20.65000E-06,+1.66710685194E+00
+20.67250E-06,+1.55494604632E+00
+20.69500E-06,+1.42934931086E+00
+20.71750E-06,+1.33062443510E+00
+20.74000E-06,+1.25585056469E+00
+20.76250E-06,+1.18107669428E+00
+20.78500E-06,+1.11681789938E+00
+20.80750E-06,+1.09637191922E+00
+20.83000E-06,+1.06891588867E+00
+20.85250E-06,+1.05080659192E+00
+20.87500E-06,+994.14201826E-03
+20.89750E-06,+994.14201826E-03
+20.92000E-06,+994.14201826E-03
+20.94250E-06,+1.14368975908E+00
+20.96500E-06,+1.28797996214E+00
+20.98750E-06,+1.47024127126E+00
+21.01000E-06,+1.59233298153E+00
+21.03250E-06,+1.74071238064E+00
+21.05500E-06,+1.83009052260E+00
+21.07750E-06,+1.97496489652E+00
+21.10000E-06,+2.11575007439E+00
+21.12250E-06,+2.26471364435E+00
+21.14500E-06,+2.30794228816E+00
+21.16750E-06,+2.37745862082E+00
+21.19000E-06,+2.35467595717E+00
+21.21250E-06,+2.28457545366E+00
+21.23500E-06,+2.26529781520E+00
+21.25750E-06,+2.19052394480E+00
+21.28000E-06,+2.14904781354E+00
+21.30250E-06,+2.18993977394E+00
+21.32500E-06,+2.18526640704E+00
+21.34750E-06,+2.17299881889E+00
+21.37000E-06,+2.13035434594E+00
+21.39250E-06,+2.02286690723E+00
+21.41500E-06,+1.87799253331E+00
+21.43750E-06,+1.69573122419E+00
+21.46000E-06,+1.44278524071E+00
+21.48250E-06,+1.29265332904E+00
+21.50500E-06,+1.10630282387E+00
+21.52750E-06,+994.14201826E-03
+21.55000E-06,+956.75508305E-03
+21.57250E-06,+900.09050940E-03
+21.59500E-06,+905.93221800E-03
+21.61750E-06,+928.13071080E-03
+21.64000E-06,+1.03152895346E+00
+21.66250E-06,+1.10571865302E+00
+21.68500E-06,+1.21320609173E+00
+21.70750E-06,+1.32069353045E+00
+21.73000E-06,+1.39079403395E+00
+21.75250E-06,+1.40539830551E+00
+21.77500E-06,+1.48017217591E+00
+21.79750E-06,+1.45154780366E+00
+21.82000E-06,+1.51346991507E+00
+21.84250E-06,+1.48134051761E+00
+21.86500E-06,+1.44278524071E+00
+21.88750E-06,+1.36801137030E+00
+21.91000E-06,+1.29323749989E+00
+21.93250E-06,+1.25585056469E+00
+21.95500E-06,+1.14368975908E+00
+21.97750E-06,+1.10630282387E+00
+22.00000E-06,+1.03561814951E+00
+22.02250E-06,+956.17091221E-03
+22.04500E-06,+919.36814785E-03
+22.06750E-06,+872.05030800E-03
+22.09000E-06,+769.82040703E-03
+22.11250E-06,+695.04653662E-03
+22.13500E-06,+644.22367157E-03
+22.15750E-06,+582.88573101E-03
+22.18000E-06,+578.79653496E-03
+22.20250E-06,+582.30156016E-03
+22.22500E-06,+615.01512847E-03
+22.24750E-06,+555.42970046E-03
+22.27000E-06,+560.10306736E-03
+22.29250E-06,+508.11186060E-03
+22.31500E-06,+446.77392005E-03
+22.33750E-06,+424.57542724E-03
+22.36000E-06,+429.24879414E-03
+22.38250E-06,+396.53522584E-03
+22.40500E-06,+508.11186060E-03
+22.42750E-06,+610.34176157E-03
+22.45000E-06,+695.04653662E-03
+22.47250E-06,+750.54276858E-03
+22.49500E-06,+769.82040703E-03
+22.51750E-06,+769.82040703E-03
+22.54000E-06,+769.82040703E-03
+22.56250E-06,+768.65206534E-03
+22.58500E-06,+769.82040703E-03
+22.60750E-06,+844.59427744E-03
+22.63000E-06,+881.98121265E-03
+22.65250E-06,+919.36814785E-03
+22.67500E-06,+919.36814785E-03
+22.69750E-06,+862.11940335E-03
+22.72000E-06,+844.59427744E-03
+22.74250E-06,+843.42593575E-03
+22.76500E-06,+839.33673969E-03
+22.78750E-06,+891.91211729E-03
+22.81000E-06,+971.35935460E-03
+22.83250E-06,+1.01341965671E+00
+22.85500E-06,+1.09286689402E+00
+22.87750E-06,+1.10630282387E+00
+22.90000E-06,+1.10630282387E+00
+22.92250E-06,+1.18107669428E+00
+22.94500E-06,+1.18107669428E+00
+22.96750E-06,+1.21846362948E+00
+22.99000E-06,+1.14368975908E+00
+23.01250E-06,+1.12558046232E+00
+23.03500E-06,+1.15420483457E+00
+23.05750E-06,+1.25585056469E+00
+23.08000E-06,+1.33062443510E+00
+23.10250E-06,+1.47958800507E+00
+23.12500E-06,+1.59233298153E+00
+23.14750E-06,+1.66710685194E+00
+23.17000E-06,+1.81665459275E+00
+23.19250E-06,+1.91070610161E+00
+23.21500E-06,+2.06492720933E+00
+23.23750E-06,+2.15313700959E+00
+23.26000E-06,+2.26120861915E+00
+23.28250E-06,+2.30210057956E+00
+23.30500E-06,+2.34532922336E+00
+23.32750E-06,+2.37745862082E+00
+23.35000E-06,+2.27990208675E+00
+23.37250E-06,+2.26529781520E+00
+23.39500E-06,+2.07836313918E+00
+23.41750E-06,+1.92881539837E+00
+23.44000E-06,+1.70449378714E+00
+23.46250E-06,+1.55494604632E+00
+23.48500E-06,+1.40014076776E+00
+23.50750E-06,+1.32069353045E+00
+23.53000E-06,+1.21846362948E+00
+23.55250E-06,+1.18107669428E+00
+23.57500E-06,+1.16764076442E+00
+23.59750E-06,+1.14368975908E+00
+23.62000E-06,+1.10221362781E+00
+23.64250E-06,+1.10630282387E+00
+23.66500E-06,+1.10104528613E+00
+23.68750E-06,+1.11623372852E+00
+23.71000E-06,+1.14368975908E+00
+23.73250E-06,+1.18224503597E+00
+23.75500E-06,+1.29323749989E+00
+23.77750E-06,+1.36801137030E+00
+23.80000E-06,+1.40948750156E+00
+23.82250E-06,+1.48075634676E+00
+23.84500E-06,+1.59233298153E+00
+23.86750E-06,+1.66710685194E+00
+23.89000E-06,+1.72727645080E+00
+23.91250E-06,+1.72260308390E+00
+23.93500E-06,+1.70449378714E+00
+23.95750E-06,+1.62971991673E+00
+23.98000E-06,+1.48017217591E+00
+24.00250E-06,+1.29265332905E+00
+24.02500E-06,+1.07417342641E+00
+24.04750E-06,+946.82417841E-03
+24.07000E-06,+859.19854899E-03
+24.09250E-06,+807.20734224E-03
+24.11500E-06,+905.93221799E-03
+24.13750E-06,+956.75508305E-03
+24.16000E-06,+1.10221362781E+00
+24.18250E-06,+1.18224503596E+00
+24.20500E-06,+1.40539830551E+00
+24.22750E-06,+1.51755911112E+00
+24.25000E-06,+1.70449378714E+00
+24.27250E-06,+1.87331916640E+00
+24.29500E-06,+2.02754027412E+00
+24.31750E-06,+2.10698751143E+00
+24.34000E-06,+2.18643474874E+00
+24.36250E-06,+2.18993977395E+00
+24.38500E-06,+2.19052394480E+00
+24.40750E-06,+2.20045484944E+00
+24.43000E-06,+2.26529781520E+00
+24.45250E-06,+2.26529781520E+00
+24.47500E-06,+2.30268475041E+00
+24.49750E-06,+2.34007168561E+00
+24.52000E-06,+2.34007168561E+00
+24.54250E-06,+2.34007168561E+00
+24.56500E-06,+2.26529781520E+00
+24.58750E-06,+2.26529781520E+00
+24.61000E-06,+2.22791088000E+00
+24.63250E-06,+2.13385937115E+00
+24.65500E-06,+2.04097620398E+00
+24.67750E-06,+1.96620233357E+00
+24.70000E-06,+1.89551765922E+00
+24.72250E-06,+1.81665459275E+00
+24.74500E-06,+1.70449378714E+00
+24.76750E-06,+1.63965082137E+00
+24.79000E-06,+1.54034177478E+00
+24.81250E-06,+1.42467594395E+00
+24.83500E-06,+1.31718850524E+00
+24.85750E-06,+1.17231413132E+00
+24.88000E-06,+1.06891588867E+00
+24.90250E-06,+993.55784742E-03
+24.92500E-06,+924.62568559E-03
+24.94750E-06,+956.75508305E-03
+24.97000E-06,+948.57669093E-03
+24.99250E-06,+1.03152895346E+00
+25.01500E-06,+1.06891588867E+00
+25.03750E-06,+1.11506538683E+00
+25.06000E-06,+1.22255282555E+00
+25.08250E-06,+1.25643473553E+00
+25.10500E-06,+1.29323749989E+00
+25.12750E-06,+1.22839453412E+00
+25.15000E-06,+1.18107669428E+00
+25.17250E-06,+1.06891588867E+00
+25.19500E-06,+1.00757794812E+00
+25.21750E-06,+947.99252009E-03
+25.24000E-06,+990.05282220E-03
+25.26250E-06,+993.55784742E-03
+25.28500E-06,+1.02627141572E+00
+25.30750E-06,+1.03152895346E+00
+25.33000E-06,+994.14201826E-03
+25.35250E-06,+974.86437982E-03
+25.37500E-06,+858.03020730E-03
+25.39750E-06,+815.96990520E-03
+25.42000E-06,+728.34427577E-03
+25.44250E-06,+582.88573101E-03
+25.46500E-06,+513.36939834E-03
+25.48750E-06,+460.79402076E-03
+25.51000E-06,+410.55532653E-03
+25.53250E-06,+358.56411979E-03
+25.55500E-06,+334.61311445E-03
+25.57750E-06,+283.79024938E-03
+25.60000E-06,+317.08798852E-03
+25.62250E-06,+283.79024938E-03
+25.64500E-06,+246.40331417E-03
+25.66750E-06,+236.47240953E-03
+25.69000E-06,+209.01637897E-03
+25.71250E-06,+190.90708220E-03
+25.73500E-06,+195.58044910E-03
+25.75750E-06,+162.86688080E-03
+25.78000E-06,+134.24250856E-03
+25.80250E-06,+134.24250856E-03
+25.82500E-06,+128.98497082E-03
+25.84750E-06,+124.31160392E-03
+25.87000E-06,+134.24250856E-03
+25.89250E-06,+114.96487012E-03
+25.91500E-06,+134.24250856E-03
+25.93750E-06,+171.62944376E-03
+25.96000E-06,+209.01637897E-03
+25.98250E-06,+283.79024938E-03
+26.00500E-06,+321.17718458E-03
+26.02750E-06,+405.88195963E-03
+26.05000E-06,+508.11186060E-03
+26.07250E-06,+545.49879581E-03
+26.09500E-06,+644.22367155E-03
+26.11750E-06,+666.42216439E-03
+26.14000E-06,+773.90960310E-03
+26.16250E-06,+844.59427744E-03
+26.18500E-06,+881.98121265E-03
+26.20750E-06,+919.36814785E-03
+26.23000E-06,+904.76387631E-03
+26.25250E-06,+938.64578629E-03
+26.27500E-06,+919.36814785E-03
+26.29750E-06,+965.51764602E-03
+26.32000E-06,+1.03561814953E+00
+26.34250E-06,+1.14310558824E+00
+26.36500E-06,+1.21320609175E+00
+26.38750E-06,+1.32069353046E+00
+26.41000E-06,+1.33062443510E+00
+26.43250E-06,+1.42467594394E+00
+26.45500E-06,+1.50412318125E+00
+26.47750E-06,+1.62971991673E+00
+26.50000E-06,+1.70858298321E+00
+26.52250E-06,+1.89142846316E+00
+26.54500E-06,+1.96620233357E+00
+26.56750E-06,+2.04097620398E+00
+26.59000E-06,+2.13035434592E+00
+26.61250E-06,+2.22791088000E+00
+26.63500E-06,+2.28924882054E+00
+26.65750E-06,+2.36869605785E+00
+26.68000E-06,+2.41484555602E+00
+26.70250E-06,+2.45223249123E+00
+26.72500E-06,+2.42010309376E+00
+26.74750E-06,+2.48961942643E+00
+26.77000E-06,+2.50422369796E+00
+26.79250E-06,+2.50889706487E+00
+26.81500E-06,+2.52700636163E+00
+26.83750E-06,+2.51824379867E+00
+26.86000E-06,+2.48553023036E+00
+26.88250E-06,+2.34007168561E+00
+26.90500E-06,+2.22791088000E+00
+26.92750E-06,+2.11575007439E+00
+26.95000E-06,+2.02637193244E+00
+26.97250E-06,+1.85404152796E+00
+26.99500E-06,+1.74188072234E+00
+27.01750E-06,+1.59233298153E+00
+27.04000E-06,+1.44278524071E+00
+27.06250E-06,+1.25526639386E+00
+27.08500E-06,+1.09578774840E+00
+27.10750E-06,+929.29905248E-03
+27.13000E-06,+769.82040703E-03
+27.15250E-06,+675.76889819E-03
+27.17500E-06,+582.88573101E-03
+27.19750E-06,+479.48748837E-03
+27.22000E-06,+466.63572933E-03
+27.24250E-06,+395.95105499E-03
+27.26500E-06,+363.82165752E-03
+27.28750E-06,+358.56411979E-03
+27.31000E-06,+358.56411979E-03
+27.33250E-06,+357.39577812E-03
+27.35500E-06,+321.17718458E-03
+27.37750E-06,+312.41462161E-03
+27.40000E-06,+321.17718458E-03
+27.42250E-06,+284.37442021E-03
+27.44500E-06,+321.17718458E-03
+27.46750E-06,+283.79024938E-03
+27.49000E-06,+269.18597784E-03
+27.51250E-06,+303.06788781E-03
+27.53500E-06,+283.79024938E-03
+27.55750E-06,+349.80155682E-03
+27.58000E-06,+321.17718458E-03
+27.60250E-06,+396.53522582E-03
+27.62500E-06,+428.08045246E-03
+27.64750E-06,+508.11186060E-03
+27.67000E-06,+568.28145948E-03
+27.69250E-06,+602.16336944E-03
+27.71500E-06,+668.17467688E-03
+27.73750E-06,+657.65960142E-03
+27.76000E-06,+657.65960142E-03
+27.78250E-06,+620.27266622E-03
+27.80500E-06,+582.88573101E-03
+27.82750E-06,+518.04276523E-03
+27.85000E-06,+470.72492540E-03
+27.87250E-06,+506.94351894E-03
+27.89500E-06,+446.77392007E-03
+27.91750E-06,+433.33799019E-03
+27.94000E-06,+400.04025106E-03
+27.96250E-06,+396.53522582E-03
+27.98500E-06,+395.95105499E-03
+28.00750E-06,+358.56411979E-03
+28.03000E-06,+321.17718458E-03
+28.05250E-06,+283.79024938E-03
+28.07500E-06,+270.35431951E-03
+28.09750E-06,+292.55281235E-03
+28.12000E-06,+325.26638065E-03
+28.14250E-06,+470.72492540E-03
+28.16500E-06,+582.88573101E-03
+28.18750E-06,+769.82040703E-03
+28.21000E-06,+904.76387632E-03
+28.23250E-06,+1.08819352710E+00
+28.25500E-06,+1.24241463482E+00
+28.27750E-06,+1.45154780368E+00
+28.30000E-06,+1.66301765586E+00
+28.32250E-06,+1.81665459275E+00
+28.34500E-06,+1.96620233357E+00
+28.36750E-06,+2.04097620398E+00
+28.39000E-06,+2.15313700959E+00
+28.41250E-06,+2.20980158323E+00
+28.43500E-06,+2.31612068028E+00
+28.45750E-06,+2.39498374676E+00
+28.48000E-06,+2.41893475209E+00
+28.50250E-06,+2.45223249123E+00
+28.52500E-06,+2.45749002895E+00
+28.54750E-06,+2.45223249123E+00
+28.57000E-06,+2.52700636163E+00
+28.59250E-06,+2.50772872320E+00
+28.61500E-06,+2.52700636163E+00
+28.63750E-06,+2.52700636163E+00
+28.66000E-06,+2.48961942643E+00
+28.68250E-06,+2.37804279164E+00
+28.70500E-06,+2.29742721268E+00
+28.72750E-06,+2.14320610496E+00
+28.75000E-06,+1.98898499724E+00
+28.77250E-06,+1.85520986961E+00
+28.79500E-06,+1.70449378714E+00
+28.81750E-06,+1.59233298153E+00
+28.84000E-06,+1.48017217591E+00
+28.86250E-06,+1.33120860592E+00
+28.88500E-06,+1.22372116721E+00
+28.90750E-06,+1.10630282387E+00
+28.93000E-06,+1.00874628979E+00
+28.95250E-06,+919.36814785E-03
+28.97500E-06,+868.54528277E-03
+28.99750E-06,+890.74377562E-03
+29.02000E-06,+915.27895178E-03
+29.04250E-06,+957.33925388E-03
+29.06500E-06,+1.02627141574E+00
+29.08750E-06,+994.14201826E-03
+29.11000E-06,+994.14201826E-03
+29.13250E-06,+956.75508305E-03
+29.15500E-06,+919.36814785E-03
+29.17750E-06,+919.36814785E-03
+29.20000E-06,+956.75508305E-03
+29.22250E-06,+919.36814785E-03
+29.24500E-06,+919.36814785E-03
+29.26750E-06,+919.36814785E-03
+29.29000E-06,+829.99000591E-03
+29.31250E-06,+787.92970381E-03
+29.33500E-06,+708.48246650E-03
+29.35750E-06,+723.67090885E-03
+29.38000E-06,+690.95734055E-03
+29.40250E-06,+621.44100787E-03
+29.42500E-06,+695.04653662E-03
+29.44750E-06,+695.04653662E-03
+29.47000E-06,+695.04653662E-03
+29.49250E-06,+675.76889820E-03
+29.51500E-06,+681.61060675E-03
+29.53750E-06,+620.27266622E-03
+29.56000E-06,+545.49879581E-03
+29.58250E-06,+507.52768978E-03
+29.60500E-06,+401.20859272E-03
+29.62750E-06,+395.95105499E-03
+29.65000E-06,+395.95105499E-03
+29.67250E-06,+451.44728697E-03
+29.69500E-06,+446.77392007E-03
+29.71750E-06,+508.11186060E-03
+29.74000E-06,+549.58799188E-03
+29.76250E-06,+657.07543060E-03
+29.78500E-06,+662.91713915E-03
+29.80750E-06,+749.95859778E-03
+29.83000E-06,+769.82040703E-03
+29.85250E-06,+750.54276861E-03
+29.87500E-06,+756.38447716E-03
+29.89750E-06,+741.19603481E-03
+29.92000E-06,+765.73121096E-03
+29.94250E-06,+732.43347183E-03
+29.96500E-06,+769.82040703E-03
+29.98750E-06,+779.75131166E-03
+30.01000E-06,+792.60307071E-03
+30.03250E-06,+732.43347183E-03
+30.05500E-06,+745.86940171E-03
+30.07750E-06,+769.82040703E-03
+30.10000E-06,+803.11814616E-03
+30.12250E-06,+769.82040703E-03
+30.14500E-06,+775.07794476E-03
+30.16750E-06,+769.82040703E-03
+30.19000E-06,+755.21613551E-03
+30.21250E-06,+695.04653662E-03
+30.23500E-06,+671.09553130E-03
+30.25750E-06,+695.04653662E-03
+30.28000E-06,+728.34427575E-03
+30.30250E-06,+732.43347183E-03
+30.32500E-06,+732.43347183E-03
+30.34750E-06,+769.82040703E-03
+30.37000E-06,+792.60307071E-03
+30.39250E-06,+807.20734224E-03
+30.41500E-06,+831.15834756E-03
+30.43750E-06,+815.96990522E-03
+30.46000E-06,+877.89201657E-03
+30.48250E-06,+807.20734224E-03
+30.50500E-06,+801.94980451E-03
+30.52750E-06,+752.29528108E-03
+30.55000E-06,+747.03774335E-03
+30.57250E-06,+714.32417505E-03
+30.59500E-06,+681.61060675E-03
+30.61750E-06,+695.04653662E-03
+30.64000E-06,+624.36186229E-03
+30.66250E-06,+694.46236580E-03
+30.68500E-06,+657.65960142E-03
+30.70750E-06,+675.18472738E-03
+30.73000E-06,+620.27266622E-03
+30.75250E-06,+600.99502779E-03
+30.77500E-06,+508.11186060E-03
+30.79750E-06,+508.11186060E-03
+30.82000E-06,+433.33799019E-03
+30.84250E-06,+358.56411979E-03
+30.86500E-06,+353.30658206E-03
+30.88750E-06,+283.79024938E-03
+30.91000E-06,+194.41210744E-03
+30.93250E-06,+209.01637897E-03
+30.95500E-06,+209.01637897E-03
+30.97750E-06,+134.24250856E-03
+31.00000E-06,+138.33170464E-03
+31.02250E-06,+208.43220814E-03
+31.04500E-06,+139.50004629E-03
+31.06750E-06,+171.62944376E-03
+31.09000E-06,+194.41210744E-03
+31.11250E-06,+228.29401740E-03
+31.13500E-06,+259.83924405E-03
+31.15750E-06,+321.17718458E-03
+31.18000E-06,+395.95105499E-03
+31.20250E-06,+507.52768978E-03
+31.22500E-06,+582.88573101E-03
+31.24750E-06,+685.11563200E-03
+31.27000E-06,+732.43347183E-03
+31.29250E-06,+769.82040703E-03
+31.31500E-06,+769.82040703E-03
+31.33750E-06,+741.19603480E-03
+31.36000E-06,+736.52266790E-03
+31.38250E-06,+731.84930100E-03
+31.40500E-06,+689.78899890E-03
+31.42750E-06,+582.88573101E-03
+31.45000E-06,+605.66839469E-03
+31.47250E-06,+508.11186060E-03
+31.49500E-06,+545.49879581E-03
+31.51750E-06,+499.34929763E-03
+31.54000E-06,+545.49879581E-03
+31.56250E-06,+545.49879581E-03
+31.58500E-06,+615.01512849E-03
+31.60750E-06,+592.81663564E-03
+31.63000E-06,+605.66839469E-03
+31.65250E-06,+620.27266622E-03
+31.67500E-06,+644.22367155E-03
+31.69750E-06,+686.28397365E-03
+31.72000E-06,+695.04653662E-03
+31.74250E-06,+769.23623621E-03
+31.76500E-06,+769.82040703E-03
+31.78750E-06,+797.27643761E-03
+31.81000E-06,+881.98121265E-03
+31.83250E-06,+974.86437983E-03
+31.85500E-06,+1.08235181854E+00
+31.87750E-06,+1.20970106651E+00
+31.90000E-06,+1.25993976076E+00
+31.92250E-06,+1.36742719947E+00
+31.94500E-06,+1.43752770298E+00
+31.96750E-06,+1.48017217591E+00
+31.99000E-06,+1.57772871000E+00
+32.01250E-06,+1.66710685194E+00
+32.03500E-06,+1.75531665222E+00
+32.05750E-06,+1.89142846316E+00
+32.08000E-06,+1.89960685530E+00
+32.10250E-06,+2.00358926877E+00
+32.12500E-06,+2.00358926877E+00
+32.14750E-06,+2.05090710861E+00
+32.17000E-06,+2.11575007439E+00
+32.19250E-06,+2.15313700959E+00
+32.21500E-06,+2.22791088000E+00
+32.23750E-06,+2.23667344297E+00
+32.26000E-06,+2.19052394480E+00
+32.28250E-06,+2.15313700959E+00
+32.30500E-06,+2.11575007439E+00
+32.32750E-06,+2.10581916976E+00
+32.35000E-06,+2.15313700959E+00
+32.37250E-06,+2.15313700959E+00
+32.39500E-06,+2.19052394480E+00
+32.41750E-06,+2.19052394480E+00
+32.44000E-06,+2.11166087832E+00
+32.46250E-06,+2.07836313918E+00
+32.48500E-06,+2.07836313918E+00
+32.50750E-06,+2.00358926877E+00
+32.53000E-06,+1.92881539837E+00
+32.55250E-06,+1.77926765755E+00
+32.57500E-06,+1.64315584660E+00
+32.59750E-06,+1.51755911112E+00
+32.62000E-06,+1.29732669596E+00
+32.64250E-06,+1.18049252345E+00
+32.66500E-06,+1.03152895346E+00
+32.68750E-06,+881.98121265E-03
+32.71000E-06,+732.43347183E-03
+32.73250E-06,+638.38196299E-03
+32.75500E-06,+582.88573101E-03
+32.77750E-06,+508.11186060E-03
+32.80000E-06,+508.11186060E-03
+32.82250E-06,+508.11186060E-03
+32.84500E-06,+556.01387127E-03
+32.86750E-06,+582.88573101E-03
+32.89000E-06,+657.65960142E-03
+32.91250E-06,+639.55030465E-03
+32.93500E-06,+644.22367155E-03
+32.95750E-06,+611.51010325E-03
+32.98000E-06,+624.36186228E-03
+33.00250E-06,+657.65960142E-03
+33.02500E-06,+625.53020395E-03
+33.04750E-06,+630.20357085E-03
+33.07000E-06,+605.66839468E-03
+33.09250E-06,+545.49879581E-03
+33.11500E-06,+521.54779047E-03
+33.13750E-06,+499.34929763E-03
+33.16000E-06,+470.72492540E-03
+33.18250E-06,+508.11186060E-03
+33.20500E-06,+540.24125807E-03
+33.22750E-06,+582.88573101E-03
+33.25000E-06,+560.10306734E-03
+33.27250E-06,+526.22115737E-03
+33.29500E-06,+494.67593074E-03
+33.31750E-06,+470.72492540E-03
+33.34000E-06,+395.95105499E-03
+33.36250E-06,+395.95105499E-03
+33.38500E-06,+321.17718458E-03
+33.40750E-06,+321.17718458E-03
+33.43000E-06,+306.57291305E-03
+33.45250E-06,+282.62190771E-03
+33.47500E-06,+259.83924404E-03
+33.49750E-06,+283.79024938E-03
+33.52000E-06,+287.87944544E-03
+33.54250E-06,+284.95859105E-03
+33.56500E-06,+251.66085191E-03
+33.58750E-06,+283.79024938E-03
+33.61000E-06,+261.00758571E-03
+33.63250E-06,+209.01637897E-03
+33.65500E-06,+195.58044910E-03
+33.67750E-06,+171.62944376E-03
+33.70000E-06,+134.24250856E-03
+33.72250E-06,+133.65833773E-03
+33.74500E-06,+134.24250856E-03
+33.76750E-06,+134.24250856E-03
+33.79000E-06,+157.02517223E-03
+33.81250E-06,+170.46110209E-03
+33.83500E-06,+232.96738431E-03
+33.85750E-06,+246.40331417E-03
+33.88000E-06,+275.61185725E-03
+33.90250E-06,+246.40331417E-03
+33.92500E-06,+241.14577644E-03
+33.94750E-06,+209.01637897E-03
+33.97000E-06,+223.62065051E-03
+33.99250E-06,+247.57165585E-03
+34.01500E-06,+232.96738431E-03
+34.03750E-06,+237.64075121E-03
+34.06000E-06,+242.31411811E-03
+34.08250E-06,+245.23497250E-03
+34.10500E-06,+273.27517390E-03
+34.12750E-06,+256.33421881E-03
+34.15000E-06,+261.00758571E-03
+34.17250E-06,+246.40331417E-03
+34.19500E-06,+307.74125472E-03
+34.21750E-06,+321.17718458E-03
+34.24000E-06,+391.86185893E-03
+34.26250E-06,+358.56411979E-03
+34.28500E-06,+428.08045246E-03
+34.30750E-06,+395.95105499E-03
+34.33000E-06,+433.33799019E-03
+34.35250E-06,+451.44728696E-03
+34.37500E-06,+508.11186060E-03
+34.39750E-06,+620.27266622E-03
+34.42000E-06,+690.95734056E-03
+34.44250E-06,+769.82040703E-03
+34.46500E-06,+775.07794477E-03
+34.48750E-06,+742.36437647E-03
+34.51000E-06,+769.82040703E-03
+34.53250E-06,+750.54276859E-03
+34.55500E-06,+793.77141237E-03
+34.57750E-06,+881.98121265E-03
+34.60000E-06,+990.05282220E-03
+34.62250E-06,+1.03211312430E+00
+34.64500E-06,+1.11156036161E+00
+34.66750E-06,+1.19860182020E+00
+34.69000E-06,+1.18107669428E+00
+34.71250E-06,+1.18107669428E+00
+34.73500E-06,+1.21846362948E+00
+34.75750E-06,+1.22722619245E+00
+34.78000E-06,+1.25585056469E+00
+34.80250E-06,+1.21846362948E+00
+34.82500E-06,+1.13843222134E+00
+34.84750E-06,+1.02159804882E+00
+34.87000E-06,+942.15081151E-03
+34.89250E-06,+844.59427744E-03
+34.91500E-06,+769.82040703E-03
+34.93750E-06,+686.28397366E-03
+34.96000E-06,+591.06412313E-03
+34.98250E-06,+544.91462497E-03
+35.00500E-06,+438.59552794E-03
+35.02750E-06,+368.49502443E-03
+35.05000E-06,+283.79024938E-03
+35.07250E-06,+246.40331417E-03
+35.09500E-06,+219.53145445E-03
+35.11750E-06,+180.39200672E-03
+35.14000E-06,+204.92718291E-03
+35.16250E-06,+171.62944376E-03
+35.18500E-06,+176.88698151E-03
+35.20750E-06,+209.01637897E-03
+35.23000E-06,+231.79904263E-03
+35.25250E-06,+209.01637897E-03
+35.27500E-06,+195.58044911E-03
+35.29750E-06,+171.62944376E-03
+35.32000E-06,+167.54024771E-03
+35.34250E-06,+134.24250856E-03
+35.36500E-06,+134.24250856E-03
+35.38750E-06,+134.24250856E-03
+35.41000E-06,+157.02517222E-03
+35.43250E-06,+152.35180532E-03
+35.45500E-06,+158.19351390E-03
+35.47750E-06,+171.62944376E-03
+35.50000E-06,+209.01637897E-03
+35.52250E-06,+245.23497249E-03
+35.54500E-06,+214.27391671E-03
+35.56750E-06,+236.47240953E-03
+35.59000E-06,+246.40331417E-03
+35.61250E-06,+264.51261093E-03
+35.63500E-06,+283.79024938E-03
+35.65750E-06,+321.17718458E-03
+35.68000E-06,+321.17718458E-03
+35.70250E-06,+358.56411979E-03
+35.72500E-06,+358.56411979E-03
+35.74750E-06,+331.10808923E-03
+35.77000E-06,+335.78145613E-03
+35.79250E-06,+303.06788782E-03
+35.81500E-06,+297.22617924E-03
+35.83750E-06,+275.02768642E-03
+35.86000E-06,+279.70105332E-03
+35.88250E-06,+246.40331417E-03
+35.90500E-06,+241.14577643E-03
+35.92750E-06,+236.47240953E-03
+35.95000E-06,+209.01637897E-03
+35.97250E-06,+209.01637897E-03
+35.99500E-06,+209.01637897E-03
+36.01750E-06,+209.01637897E-03
+36.04000E-06,+246.40331417E-03
+36.06250E-06,+209.60054981E-03
+36.08500E-06,+251.66085192E-03
+36.10750E-06,+283.79024938E-03
+36.13000E-06,+283.79024938E-03
+36.15250E-06,+321.17718458E-03
+36.17500E-06,+382.51512513E-03
+36.19750E-06,+404.71361795E-03
+36.22000E-06,+437.42718625E-03
+36.24250E-06,+470.72492540E-03
+36.26500E-06,+438.59552794E-03
+36.28750E-06,+443.26889484E-03
+36.31000E-06,+447.94226174E-03
+36.33250E-06,+415.22869344E-03
+36.35500E-06,+372.00004964E-03
+36.37750E-06,+387.18849203E-03
+36.40000E-06,+325.26638064E-03
+36.42250E-06,+358.56411979E-03
+36.44500E-06,+321.17718458E-03
+36.46750E-06,+311.24627993E-03
+36.49000E-06,+298.39452093E-03
+36.51250E-06,+283.79024938E-03
+36.53500E-06,+246.40331417E-03
+36.55750E-06,+237.64075122E-03
+36.58000E-06,+283.79024938E-03
+36.60250E-06,+432.75381935E-03
+36.62500E-06,+513.36939835E-03
+36.64750E-06,+620.27266622E-03
+36.67000E-06,+695.04653662E-03
+36.69250E-06,+732.43347183E-03
+36.71500E-06,+793.77141238E-03
+36.73750E-06,+778.58296999E-03
+36.76000E-06,+844.59427744E-03
+36.78250E-06,+881.98121265E-03
+36.80500E-06,+919.36814785E-03
+36.82750E-06,+946.82417841E-03
+36.85000E-06,+956.75508305E-03
+36.87250E-06,+900.09050940E-03
+36.89500E-06,+881.98121265E-03
+36.91750E-06,+815.96990519E-03
+36.94000E-06,+769.82040703E-03
+36.96250E-06,+732.43347183E-03
+36.98500E-06,+695.04653662E-03
+37.00750E-06,+647.72869677E-03
+37.03000E-06,+545.49879581E-03
+37.05250E-06,+490.00256385E-03
+37.07500E-06,+409.38698484E-03
+37.09750E-06,+329.93974753E-03
+37.12000E-06,+317.08798853E-03
+37.14250E-06,+284.37442023E-03
+37.16500E-06,+283.79024938E-03
+37.18750E-06,+266.26512347E-03
+37.21000E-06,+283.79024938E-03
+37.23250E-06,+283.79024938E-03
+37.25500E-06,+270.35431953E-03
+37.27750E-06,+292.55281233E-03
+37.30000E-06,+354.47492374E-03
+37.32250E-06,+358.56411979E-03
+37.34500E-06,+395.95105499E-03
+37.36750E-06,+423.40708554E-03
+37.39000E-06,+410.55532654E-03
+37.41250E-06,+395.95105499E-03
+37.43500E-06,+372.00004964E-03
+37.45750E-06,+387.18849204E-03
+37.48000E-06,+358.56411979E-03
+37.50250E-06,+321.76135543E-03
+37.52500E-06,+321.17718458E-03
+37.54750E-06,+321.17718458E-03
+37.57000E-06,+298.39452093E-03
+37.59250E-06,+282.62190768E-03
+37.61500E-06,+219.53145447E-03
+37.63750E-06,+209.01637897E-03
+37.66000E-06,+204.92718292E-03
+37.68250E-06,+171.62944376E-03
+37.70500E-06,+203.75884122E-03
+37.72750E-06,+199.08547432E-03
+37.75000E-06,+209.01637897E-03
+37.77250E-06,+228.29401742E-03
+37.79500E-06,+246.40331417E-03
+37.81750E-06,+255.16587712E-03
+37.84000E-06,+250.49251022E-03
+37.86250E-06,+209.01637897E-03
+37.88500E-06,+283.79024938E-03
+37.90750E-06,+283.79024938E-03
+37.93000E-06,+298.39452093E-03
+37.95250E-06,+358.56411979E-03
+37.97500E-06,+433.33799019E-03
+37.99750E-06,+470.72492540E-03
+38.02000E-06,+508.11186060E-03
+38.04250E-06,+545.49879581E-03
+38.06500E-06,+615.01512846E-03
+38.08750E-06,+647.72869677E-03
+38.11000E-06,+747.03774338E-03
+38.13250E-06,+826.48498069E-03
+38.15500E-06,+881.98121265E-03
+38.17750E-06,+919.36814785E-03
+38.20000E-06,+994.14201826E-03
+38.22250E-06,+993.55784741E-03
+38.24500E-06,+1.06365835091E+00
+38.26750E-06,+1.06891588867E+00
+38.29000E-06,+1.10630282387E+00
+38.31250E-06,+1.08702518542E+00
+38.33500E-06,+1.06891588867E+00
+38.35750E-06,+1.00290458121E+00
+38.38000E-06,+960.84427910E-03
+38.40250E-06,+918.78397700E-03
+38.42500E-06,+887.23875040E-03
+38.44750E-06,+844.59427744E-03
+38.47000E-06,+755.21613548E-03
+38.49250E-06,+750.54276858E-03
+38.51500E-06,+657.65960142E-03
+38.53750E-06,+629.03522916E-03
+38.56000E-06,+582.88573101E-03
+38.58250E-06,+545.49879581E-03
+38.60500E-06,+508.11186060E-03
+38.62750E-06,+488.25005129E-03
+38.65000E-06,+456.12065384E-03
+38.67250E-06,+433.33799019E-03
+38.69500E-06,+409.38698484E-03
+38.71750E-06,+395.95105499E-03
+38.74000E-06,+358.56411979E-03
+38.76250E-06,+321.76135544E-03
+38.78500E-06,+390.69351723E-03
+38.80750E-06,+358.56411979E-03
+38.83000E-06,+395.95105499E-03
+38.85250E-06,+433.33799019E-03
+38.87500E-06,+409.38698484E-03
+38.89750E-06,+461.96236245E-03
+38.92000E-06,+433.33799019E-03
+38.94250E-06,+395.95105499E-03
+38.96500E-06,+390.69351723E-03
+38.98750E-06,+368.49502444E-03
+39.01000E-06,+343.95984823E-03
+39.03250E-06,+359.73246150E-03
+39.05500E-06,+382.51512515E-03
+39.07750E-06,+461.96236245E-03
+39.10000E-06,+549.58799185E-03
+39.12250E-06,+695.63070748E-03
+39.14500E-06,+924.62568561E-03
+39.16750E-06,+1.15362066373E+00
+39.19000E-06,+1.38261564186E+00
+39.21250E-06,+1.68638449039E+00
+39.23500E-06,+1.89142846316E+00
+39.25750E-06,+2.04973876692E+00
+39.28000E-06,+2.19052394480E+00
+39.30250E-06,+2.30268475041E+00
+39.32500E-06,+2.34007168561E+00
+39.34750E-06,+2.45223249123E+00
+39.37000E-06,+2.52700636163E+00
+39.39250E-06,+2.60178023204E+00
+39.41500E-06,+2.60178023204E+00
+39.43750E-06,+2.63040460430E+00
+39.46000E-06,+2.60178023204E+00
+39.48250E-06,+2.63858299639E+00
+39.50500E-06,+2.63916716725E+00
+39.52750E-06,+2.63916716725E+00
+39.55000E-06,+2.67655410245E+00
+39.57250E-06,+2.63916716725E+00
+39.59500E-06,+2.62573123740E+00
+39.61750E-06,+2.60178023204E+00
+39.64000E-06,+2.56439329684E+00
+39.66250E-06,+2.56497746770E+00
+39.68500E-06,+2.53226389939E+00
+39.70750E-06,+2.46216339588E+00
+39.73000E-06,+2.41484555602E+00
+39.75250E-06,+2.37745862082E+00
+39.77500E-06,+2.32663575577E+00
+39.79750E-06,+2.36869605787E+00
+39.82000E-06,+2.34007168561E+00
+39.84250E-06,+2.41426138516E+00
+39.86500E-06,+2.45223249123E+00
+39.88750E-06,+2.48961942643E+00
+39.91000E-06,+2.48961942643E+00
+39.93250E-06,+2.43412319448E+00
+39.95500E-06,+2.32663575577E+00
+39.97750E-06,+2.19052394480E+00
+40.00000E-06,+2.04506540002E+00
+40.02250E-06,+1.89142846316E+00
+40.04500E-06,+1.74188072234E+00
+40.06750E-06,+1.59233298153E+00
+40.09000E-06,+1.48017217591E+00
+40.11250E-06,+1.38612066704E+00
+40.13500E-06,+1.25585056469E+00
+40.15750E-06,+1.13492719614E+00
+40.18000E-06,+1.02743975742E+00
+40.20250E-06,+882.56538351E-03
+40.22500E-06,+769.82040703E-03
+40.24750E-06,+620.27266622E-03
+40.27000E-06,+560.10306737E-03
+40.29250E-06,+526.22115734E-03
+40.31500E-06,+508.11186060E-03
+40.33750E-06,+499.34929766E-03
+40.36000E-06,+470.72492540E-03
+40.38250E-06,+470.14075454E-03
+40.40500E-06,+401.20859275E-03
+40.42750E-06,+358.56411979E-03
